Feature ID	Taxon
21dbdaace9224e1532205fd7f1271b22	d__Fungi;p__Streptophyta;c__Magnoliopsida;o__Poales;f__Poaceae;g__Hordeum;s__Hordeum vulgare
9fabb884ab69ae0fcad8f18db9625314	d__Fungi;p__Streptophyta;c__Magnoliopsida;o__Poales;f__Poaceae;g__Hordeum;s__Hordeum vulgare
6455276bf1abef1de274c23c0b47ba64	d__Fungi;p__Streptophyta;c__Magnoliopsida;o__Poales;f__Poaceae;g__Hordeum;s__Hordeum vulgare
cff9209677be87a57e58b7a8a4163c32	d__Fungi;p__Streptophyta;c__Magnoliopsida;o__Poales;f__Poaceae;g__Hordeum;s__Hordeum vulgare
f382ad80c51a08f1de20b05859b97a47	d__Fungi;p__Streptophyta;c__Magnoliopsida;o__Poales;f__Poaceae;g__Hordeum;s__Hordeum vulgare
b64ebe71d158a76915d6e2b39e10d2dd	d__Fungi;p__Streptophyta;c__Magnoliopsida;o__Poales;f__Poaceae;g__Hordeum;s__Hordeum vulgare
f44f813b3948fd0c4a33e2a254bbc527	d__Fungi;p__Streptophyta;c__Magnoliopsida;o__Poales;f__Poaceae;g__Hordeum;s__Hordeum vulgare
2cf2ffb7be9d67e139fdf8118809fcaa	d__Fungi;p__Streptophyta;c__Magnoliopsida;o__Poales;f__Poaceae;g__Hordeum;s__Hordeum vulgare
ccc0bb5adaa34f9b175253bf4207b2f1	d__Fungi;p__Streptophyta;c__Magnoliopsida;o__Poales;f__Poaceae;g__Hordeum;s__Hordeum vulgare
e13a0d98fc803692cb5ded360623cbe8	d__Fungi;p__Streptophyta;c__Magnoliopsida;o__Poales;f__Poaceae;g__Hordeum;s__Hordeum vulgare
42ae792e87eb9fa2ed61b57a347019e4	d__Fungi;p__Streptophyta;c__Magnoliopsida;o__Poales;f__Poaceae;g__Hordeum;s__Hordeum vulgare
47573be7d1ca0cd06061c90337c74e09	d__Fungi;p__Streptophyta;c__Magnoliopsida;o__Poales;f__Poaceae;g__Hordeum;s__Hordeum vulgare
6253b33a4be1189849a429935239fcc4	d__Fungi;p__Streptophyta;c__Magnoliopsida;o__Poales;f__Poaceae;g__Hordeum;s__Hordeum vulgare
3ce502d61b0d9bd9ea285cd60cd4008f	d__Fungi;p__Streptophyta;c__Magnoliopsida;o__Poales;f__Poaceae;g__Hordeum;s__Hordeum vulgare
5a02daadf62cc933e0436b50a2c90290	d__Fungi;p__Streptophyta;c__Magnoliopsida;o__Poales;f__Poaceae;g__Hordeum;s__Hordeum vulgare
eb4af54f4b883db1d57704c7e0181409	d__Fungi;p__Streptophyta;c__Magnoliopsida;o__Poales;f__Poaceae;g__Hordeum;s__Hordeum vulgare
f41c4611179ae98668301cc242b9214d	d__Fungi;p__Streptophyta;c__Magnoliopsida;o__Poales;f__Poaceae;g__Hordeum;s__Hordeum vulgare
56bd2d10d3807347e0c8624c06d8c186	d__Fungi;p__Streptophyta;c__Magnoliopsida;o__Poales;f__Poaceae;g__Hordeum;s__Hordeum vulgare
f7fd0d9e2e4de1355aa911658a53c1ab	d__Fungi;p__Streptophyta;c__Magnoliopsida;o__Poales;f__Poaceae;g__Hordeum;s__Hordeum vulgare
a5ef55f4c6520a68ffa99bac2484b13e	d__Fungi;p__Streptophyta;c__Magnoliopsida;o__Poales;f__Poaceae;g__Hordeum;s__Hordeum vulgare
b97cee74577bf5c3bb42db9ca493c431	d__Fungi;p__Streptophyta;c__Magnoliopsida;o__Poales;f__Poaceae;g__Hordeum;s__Hordeum vulgare
c6419bf000519a2db9430c6669ee5ce7	d__Fungi;p__Streptophyta;c__Magnoliopsida;o__Poales;f__Poaceae;g__Hordeum;s__Hordeum vulgare
dc73066b2802ff406cb375d0f723429b	d__Fungi;p__Streptophyta;c__Magnoliopsida;o__Poales;f__Poaceae;g__Hordeum;s__Hordeum vulgare
6b43491f1f4a263dc777904f44fcb684	d__Fungi;p__Streptophyta;c__Magnoliopsida;o__Poales;f__Poaceae;g__Hordeum;s__Hordeum vulgare
56fa7653d2e5bf8dbf6d529e864615f0	d__Fungi;p__Streptophyta;c__Magnoliopsida;o__Poales;f__Poaceae;g__Hordeum;s__Hordeum vulgare
d6d904680153d39d7fe7372d9ca43161	d__Fungi;p__Streptophyta;c__Magnoliopsida;o__Poales;f__Poaceae;g__Hordeum;s__Hordeum vulgare
a6f7076617f8de9561e62a48215ca44a	d__Fungi;p__Streptophyta;c__Magnoliopsida;o__Poales;f__Poaceae;g__Hordeum;s__Hordeum vulgare
73da389ed8efeae6efcc97df496ab0d2	d__Fungi;p__Streptophyta;c__Magnoliopsida;o__Poales;f__Poaceae;g__Hordeum;s__Hordeum vulgare
587ce9d493f92d4b082deaf6828e30ee	d__Fungi;p__Streptophyta;c__Magnoliopsida;o__Poales;f__Poaceae;g__Hordeum;s__Hordeum vulgare
ae53535e83e6330883c5d5a58da86e7e	d__Fungi;p__Streptophyta;c__Magnoliopsida;o__Poales;f__Poaceae;g__Hordeum;s__Hordeum vulgare
c1d109774b2034f9335760962494425e	d__Fungi;p__Streptophyta;c__Magnoliopsida;o__Poales;f__Poaceae;g__Hordeum;s__Hordeum vulgare
cacd866ba4d251b3e7d53b40022b32ce	d__Fungi;p__Streptophyta;c__Magnoliopsida;o__Poales;f__Poaceae;g__Hordeum;s__Hordeum vulgare
6685b11aaa726dd99a1e0053809c4727	d__Fungi;p__Streptophyta;c__Magnoliopsida;o__Poales;f__Poaceae;g__Hordeum;s__Hordeum vulgare
130af46f26033207d08bfe1522652768	d__Fungi;p__Streptophyta;c__Magnoliopsida;o__Poales;f__Poaceae;g__Hordeum;s__Hordeum vulgare
b8c688b483856c1cbdef0e0cc11753cc	d__Fungi;p__Streptophyta;c__Magnoliopsida;o__Poales;f__Poaceae;g__Hordeum;s__Hordeum vulgare
6191bbbc0c0b653ea73863ee697dfac4	d__Fungi;p__Streptophyta;c__Magnoliopsida;o__Poales;f__Poaceae;g__Hordeum;s__Hordeum vulgare
e839515c5eeb9c203ac73975e175b136	d__Fungi;p__Streptophyta;c__Magnoliopsida;o__Poales;f__Poaceae;g__Hordeum;s__Hordeum vulgare
d61dc90c4927ec033cf39dbb292fd054	d__Fungi;p__Streptophyta;c__Magnoliopsida;o__Poales;f__Poaceae;g__Hordeum;s__Hordeum vulgare
ab7c0d719166c2b4c9f144676798e5b9	d__Fungi;p__Streptophyta;c__Magnoliopsida;o__Poales;f__Poaceae;g__Hordeum;s__Hordeum vulgare
eb38853ee6bdb0e28f77a44bb3eff85f	d__Fungi;p__Streptophyta;c__Magnoliopsida;o__Poales;f__Poaceae;g__Hordeum;s__Hordeum vulgare
c0a472a8de1d2758e5ac5b5e6729243c	d__Fungi;p__Streptophyta;c__Magnoliopsida;o__Poales;f__Poaceae;g__Hordeum;s__Hordeum vulgare
b047e32bb04f9fb9a1b6a2d2f38a7116	d__Fungi;p__Streptophyta;c__Magnoliopsida;o__Poales;f__Poaceae;g__Hordeum;s__Hordeum vulgare
459432ae077a8c60b4cae6ae41ab21f8	d__Fungi;p__Streptophyta;c__Magnoliopsida;o__Poales;f__Poaceae;g__Hordeum;s__Hordeum vulgare
2d4689e022057ea3c62ad78ecf81d540	d__Fungi;p__Streptophyta;c__Magnoliopsida;o__Poales;f__Poaceae;g__Hordeum;s__Hordeum vulgare
2f38a9283666b69221329372e27bcf9d	d__Fungi;p__Streptophyta;c__Magnoliopsida;o__Poales;f__Poaceae;g__Hordeum;s__Hordeum vulgare
c971c3a96cb8ac779d447c008c48db13	d__Fungi;p__Streptophyta;c__Magnoliopsida;o__Poales;f__Poaceae;g__Hordeum;s__Hordeum vulgare
d6c077003fce6ca0bdacb4ce530e41a2	d__Fungi;p__Streptophyta;c__Magnoliopsida;o__Poales;f__Poaceae;g__Hordeum;s__Hordeum vulgare
c89fcffa3ef5aa209cbdb7fc173b072d	d__Fungi;p__Streptophyta;c__Magnoliopsida;o__Poales;f__Poaceae;g__Hordeum;s__Hordeum vulgare
7dab730cc319f2d84c76e1340c774eff	d__Fungi;p__Streptophyta;c__Magnoliopsida;o__Poales;f__Poaceae;g__Hordeum;s__Hordeum vulgare
98a1b4d946b1cfb6f0c2a57cf11bd0a3	d__Fungi;p__Streptophyta;c__Magnoliopsida;o__Poales;f__Poaceae;g__Hordeum;s__Hordeum vulgare
7bdd0a63d3f126729d2448408c31c94f	d__Fungi;p__Streptophyta;c__Magnoliopsida;o__Poales;f__Poaceae;g__Hordeum;s__Hordeum vulgare
67c9090a5f7c04ab9aa508867dbc1e7a	d__Fungi;p__Streptophyta;c__Magnoliopsida;o__Poales;f__Poaceae;g__Hordeum;s__Hordeum vulgare
b19840c9cc980a8d4801ef828a9026e9	d__Fungi;p__Streptophyta;c__Magnoliopsida;o__Poales;f__Poaceae;g__Hordeum;s__Hordeum vulgare
0fe1777180c48cee8b87e0cff83b6ab5	d__Fungi;p__Streptophyta;c__Magnoliopsida;o__Poales;f__Poaceae;g__Hordeum;s__Hordeum vulgare
e47d9e56669a2d934de07df3a151985d	d__Fungi;p__Streptophyta;c__Magnoliopsida;o__Poales;f__Poaceae;g__Hordeum;s__Hordeum vulgare
24e6522d95488c5531abf55fdeec9124	d__Fungi;p__Streptophyta;c__Magnoliopsida;o__Poales;f__Poaceae;g__Hordeum;s__Hordeum vulgare
164329210bb022986a2cf64933267571	d__Fungi;p__Streptophyta;c__Magnoliopsida;o__Poales;f__Poaceae;g__Hordeum;s__Hordeum vulgare
a0be910e118a32c0c206dd4b672e2dce	d__Fungi;p__Streptophyta;c__Magnoliopsida;o__Poales;f__Poaceae;g__Hordeum;s__Hordeum vulgare
895bf8114634d9f6ce12455b598289c9	d__Fungi;p__Streptophyta;c__Magnoliopsida;o__Poales;f__Poaceae;g__Hordeum;s__Hordeum vulgare
f4c63dee00b6cace6e11af1f8d0108b9	d__Fungi;p__Streptophyta;c__Magnoliopsida;o__Poales;f__Poaceae;g__Hordeum;s__Hordeum vulgare
7af70676bb43412c0f3417374f5593d3	d__Fungi;p__Streptophyta;c__Magnoliopsida;o__Poales;f__Poaceae;g__Hordeum;s__Hordeum vulgare
62e8e179ee499cd497ea3e92c1081508	d__Fungi;p__Streptophyta;c__Magnoliopsida;o__Poales;f__Poaceae;g__Hordeum;s__Hordeum vulgare
15ad845ea0f3757e010167eafc07684b	d__Fungi;p__Streptophyta;c__Magnoliopsida;o__Poales;f__Poaceae;g__Hordeum;s__Hordeum vulgare
e37da498f757edb99086bbfecf094a65	d__Fungi;p__Streptophyta;c__Magnoliopsida;o__Poales;f__Poaceae;g__Hordeum;s__Hordeum vulgare
0e991019fef2c35b1f93a921bfc85697	d__Fungi;p__Streptophyta;c__Magnoliopsida;o__Poales;f__Poaceae;g__Hordeum;s__Hordeum vulgare
5a9108e14819f35ae1b0c8ef0f961eed	d__Fungi;p__Streptophyta;c__Magnoliopsida;o__Poales;f__Poaceae;g__Hordeum;s__Hordeum vulgare
7942635c66482e0320c9b820bcd72b4a	d__Fungi;p__Streptophyta;c__Magnoliopsida;o__Poales;f__Poaceae;g__Hordeum;s__Hordeum vulgare
b75d418fb8e7f1412cb12c9cdb28db02	d__Fungi;p__Streptophyta;c__Magnoliopsida;o__Poales;f__Poaceae;g__Hordeum;s__Hordeum vulgare
beab5a70b90982183e20e530ab20051f	d__Fungi;p__Streptophyta;c__Magnoliopsida;o__Poales;f__Poaceae;g__Hordeum;s__Hordeum vulgare
eda4fc329b11168de601d849a97c1d77	d__Fungi;p__Streptophyta;c__Magnoliopsida;o__Poales;f__Poaceae;g__Hordeum;s__Hordeum vulgare
635abf43263ae0888151c07d10eaaf06	d__Fungi;p__Streptophyta;c__Magnoliopsida;o__Poales;f__Poaceae;g__Hordeum;s__Hordeum vulgare
33fbb5d64f05372964c3453329758d67	d__Fungi;p__Streptophyta;c__Magnoliopsida;o__Poales;f__Poaceae;g__Hordeum;s__Hordeum vulgare
7e4993de8294e52eba8ba1002a5dfab3	d__Fungi;p__Streptophyta;c__Magnoliopsida;o__Poales;f__Poaceae;g__Hordeum;s__Hordeum vulgare
121d9064caf56d4d6e1ea4caa4254c02	d__Fungi;p__Streptophyta;c__Magnoliopsida;o__Poales;f__Poaceae;g__Hordeum;s__Hordeum vulgare
054cafdec4984beca333fb87235430b3	d__Fungi;p__Streptophyta;c__Magnoliopsida;o__Poales;f__Poaceae;g__Hordeum;s__Hordeum vulgare
5d9580c4bee3eacc01c784b253aaf77e	d__Fungi;p__Streptophyta;c__Magnoliopsida;o__Poales;f__Poaceae;g__Hordeum;s__Hordeum vulgare
9f9e2dda840aca8ad5a583fb8fff7c0c	d__Fungi;p__Streptophyta;c__Magnoliopsida;o__Poales;f__Poaceae;g__Hordeum;s__Hordeum vulgare
bcc74a9f085c228949c2c1f449ae771b	d__Fungi;p__Streptophyta;c__Magnoliopsida;o__Poales;f__Poaceae;g__Hordeum;s__Hordeum vulgare
93995a5ab1ecd183903a10e39df95dfb	d__Fungi;p__Streptophyta;c__Magnoliopsida;o__Poales;f__Poaceae;g__Hordeum;s__Hordeum vulgare
7a078846a3c7f7e4f862557d6d8cfd52	d__Fungi;p__Streptophyta;c__Magnoliopsida;o__Poales;f__Poaceae;g__Hordeum;s__Hordeum vulgare
63bc64c5810c4d164c8c4ec6f622b1fe	d__Fungi;p__Streptophyta;c__Magnoliopsida;o__Poales;f__Poaceae;g__Hordeum;s__Hordeum vulgare
cf1bc3bfe0ddf7075133aac815b229dc	d__Fungi;p__Streptophyta;c__Magnoliopsida;o__Poales;f__Poaceae;g__Hordeum;s__Hordeum vulgare
960932d3916aa19d72667c5d50ced896	d__Fungi;p__Streptophyta;c__Magnoliopsida;o__Poales;f__Poaceae;g__Hordeum;s__Hordeum vulgare
fb0a1999a24eea7ee5b9329e529e6780	d__Fungi;p__Streptophyta;c__Magnoliopsida;o__Poales;f__Poaceae;g__Hordeum;s__Hordeum vulgare
c72b9c39afa61913477d16b4da88803a	d__Fungi;p__Streptophyta;c__Magnoliopsida;o__Poales;f__Poaceae;g__Hordeum;s__Hordeum vulgare
dd450d91cfa0442ee318412b0eb15786	d__Fungi;p__Streptophyta;c__Magnoliopsida;o__Poales;f__Poaceae;g__Hordeum;s__Hordeum vulgare
a1e751a8a8014d95da72a017962535ea	d__Fungi;p__Streptophyta;c__Magnoliopsida;o__Poales;f__Poaceae;g__Hordeum;s__Hordeum vulgare
c9076890af59275b0d468e3ee4256bb4	d__Fungi;p__Streptophyta;c__Magnoliopsida;o__Poales;f__Poaceae;g__Hordeum;s__Hordeum vulgare
c8f51d88375e9dbb640f80e174d84a24	d__Fungi;p__Streptophyta;c__Magnoliopsida;o__Poales;f__Poaceae;g__Hordeum;s__Hordeum vulgare
38adfd3476c2882f51724667ad196f8b	d__Fungi;p__Streptophyta;c__Magnoliopsida;o__Poales;f__Poaceae;g__Hordeum;s__Hordeum vulgare
a4dd6aea16bd6418631cf32570d0c7ba	d__Fungi;p__Streptophyta;c__Magnoliopsida;o__Poales;f__Poaceae;g__Hordeum;s__Hordeum vulgare
ae0984c73c8bb21e8a0b2febff0fca29	d__Fungi;p__Streptophyta;c__Magnoliopsida;o__Poales;f__Poaceae;g__Hordeum;s__Hordeum vulgare
dd3c97cd1088ab26ab34d5c160bee437	d__Fungi;p__Streptophyta;c__Magnoliopsida;o__Poales;f__Poaceae;g__Hordeum;s__Hordeum vulgare
4910481b33619003b5c0e94479986a83	d__Fungi;p__Streptophyta;c__Magnoliopsida;o__Poales;f__Poaceae;g__Hordeum;s__Hordeum vulgare
a6cc5f8a93f36cdc78b4b9ff9e5dac17	d__Fungi;p__Streptophyta;c__Magnoliopsida;o__Poales;f__Poaceae;g__Hordeum;s__Hordeum vulgare
4c89bd0b2b72ed34ae011f97db844ed0	d__Fungi;p__Streptophyta;c__Magnoliopsida;o__Poales;f__Poaceae;g__Hordeum;s__Hordeum vulgare
acc6cc52a6dce6138d306867a5752e3e	d__Fungi;p__Streptophyta;c__Magnoliopsida;o__Poales;f__Poaceae;g__Hordeum;s__Hordeum vulgare
45cd787985e8031451afaaafc58e1f82	d__Fungi;p__Streptophyta;c__Magnoliopsida;o__Poales;f__Poaceae;g__Hordeum;s__Hordeum vulgare
7d2eb7aef43943c944d9c9c1c1119e59	d__Fungi;p__Streptophyta;c__Magnoliopsida;o__Poales;f__Poaceae;g__Hordeum;s__Hordeum vulgare
99a5686c4f6910837aa8bfda71e9d686	d__Fungi;p__Streptophyta;c__Magnoliopsida;o__Poales;f__Poaceae;g__Hordeum;s__Hordeum vulgare
e745ceed603a1e51f1987b9bf319eb14	d__Fungi;p__Streptophyta;c__Magnoliopsida;o__Poales;f__Poaceae;g__Hordeum;s__Hordeum vulgare
b54ef1539c5a67f25ef82616da2eca77	d__Fungi;p__Streptophyta;c__Magnoliopsida;o__Poales;f__Poaceae;g__Hordeum;s__Hordeum vulgare
dcd3344844b9265a6ab552c124f0f138	d__Fungi;p__Streptophyta;c__Magnoliopsida;o__Poales;f__Poaceae;g__Hordeum;s__Hordeum vulgare
f0c0c07f89a08d5f5a4e0dfbd0c13b9a	d__Fungi;p__Streptophyta;c__Magnoliopsida;o__Poales;f__Poaceae;g__Hordeum;s__Hordeum vulgare
5671cb7672dd0825bff661177d6b6024	d__Fungi;p__Streptophyta;c__Magnoliopsida;o__Poales;f__Poaceae;g__Hordeum;s__Hordeum vulgare
9ee3c2020a1f81129fc383034df46fbc	d__Fungi;p__Streptophyta;c__Magnoliopsida;o__Poales;f__Poaceae;g__Hordeum;s__Hordeum vulgare
8b5da65849f682ffd709b15ab91e0302	d__Fungi;p__Streptophyta;c__Magnoliopsida;o__Poales;f__Poaceae;g__Hordeum;s__Hordeum vulgare
acbef357cd23960f6a468c6414f3c531	d__Fungi;p__Streptophyta;c__Magnoliopsida;o__Poales;f__Poaceae;g__Hordeum;s__Hordeum vulgare
cec997e38540101e53484116f4ce940b	d__Fungi;p__Streptophyta;c__Magnoliopsida;o__Poales;f__Poaceae;g__Hordeum;s__Hordeum vulgare
94a015bcbe664460b24a5e92ddc26835	d__Fungi;p__Streptophyta;c__Magnoliopsida;o__Poales;f__Poaceae;g__Hordeum;s__Hordeum vulgare
0f52c9470dcea81f8ec868379b0940c3	d__Fungi;p__Streptophyta;c__Magnoliopsida;o__Poales;f__Poaceae;g__Hordeum;s__Hordeum vulgare
c768028094a30717ecc6f71b4d37b9e2	d__Fungi;p__Streptophyta;c__Magnoliopsida;o__Poales;f__Poaceae;g__Hordeum;s__Hordeum vulgare
4ee4ca6c5ad33040fa964f4594e82f98	d__Fungi;p__Streptophyta;c__Magnoliopsida;o__Poales;f__Poaceae;g__Hordeum;s__Hordeum vulgare
1a7e5b22f7c0e3ac74bf7ed43d3bbe03	d__Fungi;p__Streptophyta;c__Magnoliopsida;o__Poales;f__Poaceae;g__Hordeum;s__Hordeum vulgare
165024275fcddb931bea90b0ea346ccd	d__Fungi;p__Streptophyta;c__Magnoliopsida;o__Poales;f__Poaceae;g__Hordeum;s__Hordeum vulgare
f137ae86da5ae8635cfe9471c99b6b67	d__Fungi;p__Streptophyta;c__Magnoliopsida;o__Poales;f__Poaceae;g__Hordeum;s__Hordeum vulgare
77a0ebdf05e5e4afc8194827418c4f8f	d__Fungi;p__Streptophyta;c__Magnoliopsida;o__Poales;f__Poaceae;g__Leymus;s__Leymus karelinii
caeca2becab31d20ff454ae59e43d7e1	d__Fungi;p__Streptophyta;c__Magnoliopsida;o__Poales;f__Poaceae;g__Hordeum;s__Hordeum vulgare
4b5ff7b0048dd5b92c277bf0801e02e8	d__Fungi;p__Streptophyta;c__Magnoliopsida;o__Poales;f__Poaceae;g__Hordeum;s__Hordeum vulgare
a227bbcd8a44c150e16cc1e5b233e1c2	d__Fungi;p__Streptophyta;c__Magnoliopsida;o__Poales;f__Poaceae;g__Hordeum;s__Hordeum vulgare
4e35be83c4688fcf8472cab809175cbf	d__Fungi;p__Streptophyta;c__Magnoliopsida;o__Poales;f__Poaceae;g__Hordeum;s__Hordeum vulgare
afc3a2df3c0e67eaef62ae843dbe4de7	d__Fungi;p__Streptophyta;c__Magnoliopsida;o__Poales;f__Poaceae;g__Hordeum;s__Hordeum vulgare
0a933f2430b51b2c31abc28b54cd4577	d__Fungi;p__Streptophyta;c__Magnoliopsida;o__Poales;f__Poaceae;g__Hordeum;s__Hordeum vulgare
0c280e69c63da365f8a6f0343fdd9621	d__Fungi;p__Streptophyta;c__Magnoliopsida;o__Poales;f__Poaceae;g__Hordeum;s__Hordeum vulgare
fd65acbda8665a419b9093884ac3a40d	d__Fungi;p__Streptophyta;c__Magnoliopsida;o__Poales;f__Poaceae;g__Hordeum;s__Hordeum vulgare
d65aa4cf9cca6f5006b67548b3cec764	d__Fungi;p__Streptophyta;c__Magnoliopsida;o__Poales;f__Poaceae;g__Hordeum;s__Hordeum vulgare
8534462d2cae610cce9cc5a7caa33208	d__Fungi;p__Streptophyta;c__Magnoliopsida;o__Poales;f__Poaceae;g__Hordeum;s__Hordeum vulgare
4c1f407367851df840c893221aa3eb89	d__Fungi;p__Streptophyta;c__Magnoliopsida;o__Poales;f__Poaceae;g__Hordeum;s__Hordeum vulgare
81179898953583fd0a3834eb62d240ee	d__Fungi;p__Streptophyta;c__Magnoliopsida;o__Poales;f__Poaceae;g__Hordeum;s__Hordeum vulgare
b36d0d17011fa2152ac5b2c171f421bd	d__Fungi;p__Streptophyta;c__Magnoliopsida;o__Poales;f__Poaceae;g__Hordeum;s__Hordeum vulgare
ba3b0e6b6459724cd3a1d5d38695ad38	d__Fungi;p__Streptophyta;c__Magnoliopsida;o__Poales;f__Poaceae;g__Hordeum;s__Hordeum vulgare
e081b52ddbef372ea7e1ccbab3e8077f	d__Fungi;p__Streptophyta;c__Magnoliopsida;o__Poales;f__Poaceae;g__Hordeum;s__Hordeum vulgare
6e6fc1110db0ba21e8b517bc79e35a10	d__Fungi;p__Streptophyta;c__Magnoliopsida;o__Poales;f__Poaceae;g__Hordeum;s__Hordeum vulgare
a5c0158f233caa6f75fca9ddc797b2e2	d__Fungi;p__Streptophyta;c__Magnoliopsida;o__Poales;f__Poaceae;g__Hordeum;s__Hordeum vulgare
d2ab796b37364258be91401eb0a4885a	d__Fungi;p__Streptophyta;c__Magnoliopsida;o__Poales;f__Poaceae;g__Hordeum;s__Hordeum vulgare
e9b95e4f6557b22c0d6ae9712a63b5ee	d__Fungi;p__Streptophyta;c__Magnoliopsida;o__Poales;f__Poaceae;g__Hordeum;s__Hordeum vulgare
0afe769dad026b7ff729c1c32c2c14c6	d__Fungi;p__Streptophyta;c__Magnoliopsida;o__Poales;f__Poaceae;g__Hordeum;s__Hordeum vulgare
e2fc322e45c70b9877ee9fd0565822f9	d__Fungi;p__Streptophyta;c__Magnoliopsida;o__Poales;f__Poaceae;g__Hordeum;s__Hordeum vulgare
c2a73d9d8e8a07db7a09d3b1d0f19048	d__Fungi;p__Streptophyta;c__Magnoliopsida;o__Poales;f__Poaceae;g__Hordeum;s__Hordeum vulgare
4748b1e6b3575f57eebbdd4ddbf1e2bb	d__Fungi;p__Streptophyta;c__Magnoliopsida;o__Poales;f__Poaceae;g__Hordeum;s__Hordeum vulgare
36e838d8d801be4d58630d8ebbc48547	d__Fungi;p__Streptophyta;c__Magnoliopsida;o__Poales;f__Poaceae;g__Hordeum;s__Hordeum vulgare
6614ba899337be345239770510d1e28e	d__Fungi;p__Streptophyta;c__Magnoliopsida;o__Poales;f__Poaceae;g__Hordeum;s__Hordeum vulgare
b6c5bca9fb6b27ca9e4879a7efe2b4a0	d__Fungi;p__Streptophyta;c__Magnoliopsida;o__Poales;f__Poaceae;g__Hordeum;s__Hordeum vulgare
e8819590a735f4a3fed9732bbee06655	d__Fungi;p__Streptophyta;c__Magnoliopsida;o__Poales;f__Poaceae;g__Hordeum;s__Hordeum vulgare
4fd3877c36e829bade78e9d84fb1b4ad	d__Fungi;p__Streptophyta;c__Magnoliopsida;o__Poales;f__Poaceae;g__Hordeum;s__Hordeum vulgare
ff49a0affb6b165a4ae1aba68b636b44	d__Fungi;p__Streptophyta;c__Magnoliopsida;o__Poales;f__Poaceae;g__Hordeum;s__Hordeum vulgare
292332925e8ac14181708153184d83f5	d__Fungi;p__Streptophyta;c__Magnoliopsida;o__Poales;f__Poaceae;g__Hordeum;s__Hordeum vulgare
6e57d8982810b4d9033b067b44b37bfd	d__Fungi;p__Streptophyta;c__Magnoliopsida;o__Poales;f__Poaceae;g__Hordeum;s__Hordeum vulgare
669b280f76f9d0d2486fded8d1fb45b5	d__Fungi;p__Streptophyta;c__Magnoliopsida;o__Poales;f__Poaceae;g__Hordeum;s__Hordeum vulgare
d888d3cfb24afd8ca896aa9e2d90b359	d__Fungi;p__Streptophyta;c__Magnoliopsida;o__Poales;f__Poaceae;g__Hordeum;s__Hordeum vulgare
8a64b4a641c3710a4f4b20cd9c0229b5	d__Fungi;p__Streptophyta;c__Magnoliopsida;o__Poales;f__Poaceae;g__Hordeum;s__Hordeum vulgare
5b06b7afcb0bf9d3ccb94649c1c32aa4	d__Fungi;p__Streptophyta;c__Magnoliopsida;o__Poales;f__Poaceae;g__Hordeum;s__Hordeum vulgare
5422b0a8a7269e2f79b783f9fd3d29c9	d__Fungi;p__Streptophyta;c__Magnoliopsida;o__Poales;f__Poaceae;g__Hordeum;s__Hordeum vulgare
579ed3707698a632cf91f3124393abcb	d__Fungi;p__Streptophyta;c__Magnoliopsida;o__Poales;f__Poaceae;g__Hordeum;s__Hordeum vulgare
0bd77bd08b8cbb880b6480b7fd4f1011	d__Fungi;p__Streptophyta;c__Magnoliopsida;o__Poales;f__Poaceae;g__Hordeum;s__Hordeum vulgare
0c9457ed204e60d6cb6d1791c66bb662	d__Fungi;p__Streptophyta;c__Magnoliopsida;o__Poales;f__Poaceae;g__Hordeum;s__Hordeum vulgare
e056b70b8e33472b78712d1f49c1b2ea	d__Fungi;p__Streptophyta;c__Magnoliopsida;o__Poales;f__Poaceae;g__Hordeum;s__Hordeum vulgare
ef843a453e46f9bc25e58568ba60474e	d__Fungi;p__Streptophyta;c__Magnoliopsida;o__Poales;f__Poaceae;g__Hordeum;s__Hordeum vulgare
954c5c4416f8ca576b15039c6e841055	d__Fungi;p__Streptophyta;c__Magnoliopsida;o__Poales;f__Poaceae;g__Hordeum;s__Hordeum vulgare
93f7cc481fd1b48a71c05664df3f7fc4	d__Fungi;p__Streptophyta;c__Magnoliopsida;o__Poales;f__Poaceae;g__Hordeum;s__Hordeum vulgare
c7726615bb61ae5ad45e3f8c0292b537	d__Fungi;p__Streptophyta;c__Magnoliopsida;o__Poales;f__Poaceae;g__Hordeum;s__Hordeum vulgare
7a9f6a0a57f60b63f0c66697989b8d08	d__Fungi;p__Streptophyta;c__Magnoliopsida;o__Poales;f__Poaceae;g__Hordeum;s__Hordeum vulgare
7b31718e4a3dfa045992d7d342fcfd6d	d__Fungi;p__Streptophyta;c__Magnoliopsida;o__Poales;f__Poaceae;g__Hordeum;s__Hordeum vulgare
44902ff38579d7158f88b5f6a0925f37	d__Fungi;p__Streptophyta;c__Magnoliopsida;o__Poales;f__Poaceae;g__Hordeum;s__Hordeum vulgare
58ffe819f1a6d2710c45d6f1cd4afb91	d__Fungi;p__Streptophyta;c__Magnoliopsida;o__Poales;f__Poaceae;g__Hordeum;s__Hordeum vulgare
de81d739566fa00e621c8f24a2460c58	d__Fungi;p__Streptophyta;c__Magnoliopsida;o__Poales;f__Poaceae;g__Hordeum;s__Hordeum vulgare
a3d7f1c082a45a1da8635966ce0f9b5e	d__Fungi;p__Streptophyta;c__Magnoliopsida;o__Poales;f__Poaceae;g__Hordeum;s__Hordeum vulgare
67924a4c7e0afaf46fb5a727a4e4a8c0	d__Fungi;p__Streptophyta;c__Magnoliopsida;o__Poales;f__Poaceae;g__Hordeum;s__Hordeum vulgare
2e562cdc752fedbc557693bb66327f95	d__Fungi;p__Streptophyta;c__Magnoliopsida;o__Poales;f__Poaceae;g__Hordeum;s__Hordeum vulgare
01b9ac0064765f03d8a8f48435730fd1	d__Fungi;p__Streptophyta;c__Magnoliopsida;o__Poales;f__Poaceae;g__Hordeum;s__Hordeum vulgare
adca2d7587f1b64a02fccd0583992b6a	d__Fungi;p__Streptophyta;c__Magnoliopsida;o__Poales;f__Poaceae;g__Hordeum;s__Hordeum vulgare
1c5f1cc5b737bc9c9dc51e0cd41bf55d	d__Fungi;p__Streptophyta;c__Magnoliopsida;o__Poales;f__Poaceae;g__Hordeum;s__Hordeum vulgare
958752c0a8b6bfa8bb613f3414e16c47	d__Fungi;p__Streptophyta;c__Magnoliopsida;o__Poales;f__Poaceae;g__Hordeum;s__Hordeum vulgare
95775734c42c3f6eb5fbedbd86929e88	d__Fungi;p__Streptophyta;c__Magnoliopsida;o__Poales;f__Poaceae;g__Hordeum;s__Hordeum vulgare
d237b3937bed19dda117ea528e52965a	d__Fungi;p__Streptophyta;c__Magnoliopsida;o__Poales;f__Poaceae;g__Hordeum;s__Hordeum vulgare
c3ceda29ac8e0aae53b2f4b5b542faf3	d__Fungi;p__Streptophyta;c__Magnoliopsida;o__Poales;f__Poaceae;g__Hordeum;s__Hordeum vulgare
42b320c5ce5a048e21e6f89a2ac6a7bd	d__Fungi;p__Streptophyta;c__Magnoliopsida;o__Poales;f__Poaceae;g__Hordeum;s__Hordeum vulgare
337e08de11e8bb44505b03daae6157f1	d__Fungi;p__Streptophyta;c__Magnoliopsida;o__Poales;f__Poaceae;g__Hordeum;s__Hordeum vulgare
86920d05a3e7b60d1cac4737c177ac25	d__Fungi;p__Streptophyta;c__Magnoliopsida;o__Poales;f__Poaceae;g__Hordeum;s__Hordeum vulgare
32a00b7e2ce432d70a96b4eee7445bb7	d__Fungi;p__Streptophyta;c__Magnoliopsida;o__Poales;f__Poaceae;g__Hordeum;s__Hordeum vulgare
2b8daad7504fa765d31055e63a00b597	d__Fungi;p__Streptophyta;c__Magnoliopsida;o__Poales;f__Poaceae;g__Hordeum;s__Hordeum vulgare
71925cd532b2844ed285ecb20e9a884a	d__Fungi;p__Streptophyta;c__Magnoliopsida;o__Poales;f__Poaceae;g__Hordeum;s__Hordeum vulgare
77af16251a402862108a6c9d8ebab6a2	d__Fungi;p__Streptophyta;c__Magnoliopsida;o__Poales;f__Poaceae;g__Hordeum;s__Hordeum vulgare
471ff6eeef63ab530737d3f8d4522344	d__Fungi;p__Streptophyta;c__Magnoliopsida;o__Poales;f__Poaceae;g__Hordeum;s__Hordeum vulgare
b8ccb487f0e4d9191cbfb7b8ac18df35	d__Fungi;p__Streptophyta;c__Magnoliopsida;o__Poales;f__Poaceae;g__Hordeum;s__Hordeum vulgare
0d3c8ff8ddda93ef5c7bc97344174d36	d__Fungi;p__Streptophyta;c__Magnoliopsida;o__Poales;f__Poaceae;g__Hordeum;s__Hordeum vulgare
e54da5f8392b171c6046057978434e17	d__Fungi;p__Streptophyta;c__Magnoliopsida;o__Poales;f__Poaceae;g__Hordeum;s__Hordeum vulgare
c15becfcbfa85f54d62445a178b13d8e	d__Fungi;p__Streptophyta;c__Magnoliopsida;o__Poales;f__Poaceae;g__Hordeum;s__Hordeum vulgare
49197595aace516f737bc5a81f46fc11	d__Fungi;p__Streptophyta;c__Magnoliopsida;o__Poales;f__Poaceae;g__Hordeum;s__Hordeum vulgare
7b496f996ad8cb461856f0d4e53dfb82	d__Fungi;p__Streptophyta;c__Magnoliopsida;o__Poales;f__Poaceae;g__Hordeum;s__Hordeum vulgare
a0da50cd3404e7ef627dcd2903ee6a47	d__Fungi;p__Streptophyta;c__Magnoliopsida;o__Poales;f__Poaceae;g__Hordeum;s__Hordeum vulgare
6ae4726fc2eb5b4ca346a4ee38a61e85	d__Fungi;p__Streptophyta;c__Magnoliopsida;o__Poales;f__Poaceae;g__Hordeum;s__Hordeum vulgare
d17b7b1ce908f2a5915ffed9c086de33	d__Fungi;p__Ascomycota;c__Eurotiomycetes;o__Eurotiales;f__Aspergillaceae;g__Aspergillus;s__Aspergillus flavus
0513d525228f02e1dfe0abe8deb92ce6	d__Fungi;p__Streptophyta;c__Magnoliopsida;o__Poales;f__Poaceae;g__Hordeum;s__Hordeum vulgare
10e015a6b331db4192a2700af4c51fd0	d__Fungi;p__Streptophyta;c__Magnoliopsida;o__Poales;f__Poaceae;g__Hordeum;s__Hordeum vulgare
28fc13080215c76bdd91973a5b2a9c0c	d__Fungi;p__Streptophyta;c__Magnoliopsida;o__Poales;f__Poaceae;g__Hordeum;s__Hordeum vulgare
6c623b24c4633f5b23df500dd04fd891	d__Fungi;p__Streptophyta;c__Magnoliopsida;o__Poales;f__Poaceae;g__Hordeum;s__Hordeum vulgare
2c85ba160dcfc36432f0c6be8cf6a9f0	d__Fungi;p__Streptophyta;c__Magnoliopsida;o__Poales;f__Poaceae;g__Hordeum;s__Hordeum vulgare
2cc15cfba0e16ef55af720eae799127a	d__Fungi;p__Streptophyta;c__Magnoliopsida;o__Poales;f__Poaceae;g__Hordeum;s__Hordeum vulgare
3619edde67e3cd77f91c917ef8ed4c87	d__Fungi;p__Streptophyta;c__Magnoliopsida;o__Brassicales;f__Brassicaceae;g__Brassica;s__Brassica oleracea
89f8eb14b21bad90629279645e312551	d__Fungi;p__Streptophyta;c__Magnoliopsida;o__Poales;f__Poaceae;g__Hordeum;s__Hordeum vulgare
4f402f0f9979de9ce0b1229df1933a1e	d__Fungi;p__Basidiomycota;c__Agaricomycetes;o__;f__;g__;s__uncultured Corticiales
2172467e4461d61c33641bfcb5469cbf	d__Fungi;p__Streptophyta;c__Magnoliopsida;o__Poales;f__Poaceae;g__Hordeum;s__Hordeum vulgare
87a6a161a3b1908fd19709faa7c2f945	d__Fungi;p__Streptophyta;c__Magnoliopsida;o__Poales;f__Poaceae;g__Hordeum;s__Hordeum vulgare
fe1a7f2b68d499408f9ddccc5de07619	d__Fungi;p__Basidiomycota;c__Agaricomycetes;o__;f__;g__;s__uncultured Corticiales
886ae046c4a1200366e39f9b2344c2f0	d__Fungi;p__Streptophyta;c__Magnoliopsida;o__Poales;f__Poaceae;g__Hordeum;s__Hordeum vulgare
c69fa9b8d1e503ddc30d1b238e4d0260	d__Fungi;p__Streptophyta;c__Magnoliopsida;o__Poales;f__Poaceae;g__Hordeum;s__Hordeum vulgare
296aa21b312b0f6fec771d124824af8e	d__Fungi;p__Streptophyta;c__Magnoliopsida;o__Poales;f__Poaceae;g__Hordeum;s__Hordeum vulgare
f5e5599b95eab1a074fad1e8406cb73a	d__Fungi;p__Streptophyta;c__Magnoliopsida;o__Poales;f__Poaceae;g__Hordeum;s__Hordeum vulgare
3a8904e84bdb0b7cad1faab24f05b28a	d__Fungi;p__Streptophyta;c__Magnoliopsida;o__Poales;f__Poaceae;g__Hordeum;s__Hordeum vulgare
9eb43e238a1032ed598102f260005445	d__Fungi;p__Streptophyta;c__Magnoliopsida;o__Poales;f__Poaceae;g__Hordeum;s__Hordeum vulgare
f819f283666e4d2109b9126dd391c55b	d__Fungi;p__Streptophyta;c__Magnoliopsida;o__Poales;f__Poaceae;g__Hordeum;s__Hordeum vulgare
8c4ffb6b47487dc8f55434d73c00ac8a	d__Fungi;p__Streptophyta;c__Magnoliopsida;o__Poales;f__Poaceae;g__Hordeum;s__Hordeum vulgare
1532f4ac897f66917e59f9a2eda4f123	d__Fungi;p__Streptophyta;c__Magnoliopsida;o__Poales;f__Poaceae;g__Hordeum;s__Hordeum vulgare
abebc4551c855b931121626009da8062	d__Fungi;p__Basidiomycota;c__Agaricomycetes;o__;f__;g__;s__uncultured Corticiales
7ec7972dacdb028cd67b8a4a7d75ba82	d__Fungi;p__Streptophyta;c__Magnoliopsida;o__Poales;f__Poaceae;g__Hordeum;s__Hordeum vulgare
f6d795275ec140521feb41444a35c053	d__Fungi;p__Streptophyta;c__Magnoliopsida;o__Poales;f__Poaceae;g__Hordeum;s__Hordeum vulgare
9a2a9cb742ce2131ba8fe3b86d82db7a	d__Fungi;p__Streptophyta;c__Magnoliopsida;o__Poales;f__Poaceae;g__Hordeum;s__Hordeum vulgare
393d796ab00ad557142ab9dbfbddb937	d__Fungi;p__Streptophyta;c__Magnoliopsida;o__Poales;f__Poaceae;g__Hordeum;s__Hordeum vulgare
41596be2b96ed5cbb45437551fe01fb3	d__Fungi;p__Streptophyta;c__Magnoliopsida;o__Poales;f__Poaceae;g__Hordeum;s__Hordeum vulgare
26a569e35a759ddb97941a6070838fb2	d__Fungi;p__Streptophyta;c__Magnoliopsida;o__Poales;f__Poaceae;g__Hordeum;s__Hordeum vulgare
9a0f4162471b55b189ef3fcc07dd2b3b	d__Fungi;p__Streptophyta;c__Magnoliopsida;o__Poales;f__Poaceae;g__Hordeum;s__Hordeum vulgare
452a497c6f1281e8d7d378613fdb826a	d__Fungi;p__Streptophyta;c__Magnoliopsida;o__Poales;f__Poaceae;g__Hordeum;s__Hordeum vulgare
bcf1bb2c05c958cd66b89bec29197e5b	d__Fungi;p__Basidiomycota;c__Agaricomycetes;o__;f__;g__;s__uncultured Corticiales
278c252fe75a7de2b3c4e2318b36eef0	d__Fungi;p__Streptophyta;c__Magnoliopsida;o__Poales;f__Poaceae;g__Hordeum;s__Hordeum vulgare
619e5cc8b4c289336230c66ef5ad6d81	d__Fungi;p__Basidiomycota;c__Agaricomycetes;o__;f__;g__;s__uncultured Corticiales
50612ba4999c50ad355fb9c56da3fab2	d__Fungi;p__Streptophyta;c__Magnoliopsida;o__Poales;f__Poaceae;g__Hordeum;s__Hordeum vulgare
fe3f8b4d72954364bdee7d455912e4b8	d__Fungi;p__Streptophyta;c__Magnoliopsida;o__Poales;f__Poaceae;g__Hordeum;s__Hordeum vulgare
d70cc10c8f85221f824ac48cf92d4adc	d__Fungi;p__Streptophyta;c__Magnoliopsida;o__Poales;f__Poaceae;g__Hordeum;s__Hordeum vulgare
0502f0f983f698316c45018e67e722b8	d__Fungi;p__Streptophyta;c__Magnoliopsida;o__Poales;f__Poaceae;g__Hordeum;s__Hordeum vulgare
4065ef262cdb28e5bc6a3e4afc4acbb2	d__Fungi;p__Streptophyta;c__Magnoliopsida;o__Poales;f__Poaceae;g__Hordeum;s__Hordeum vulgare
9be0c5e201119696a642a8cb7fd4456f	d__Fungi;p__Basidiomycota;c__Agaricomycetes;o__;f__;g__;s__uncultured Corticiales
47ffbde4df4ae6c004144c8f4d9358d9	d__Fungi;p__Streptophyta;c__Magnoliopsida;o__Brassicales;f__Brassicaceae;g__Brassica;s__Brassica carinata
789e794670c6347276074ab5b80424bd	d__Fungi
52b64acbbf0f9db7fd1494f7c3420018	d__Fungi;p__Streptophyta;c__Magnoliopsida;o__Poales;f__Poaceae;g__Hordeum;s__Hordeum vulgare
dd51460d2cc44ed194489dbd49a989af	d__Fungi;p__Streptophyta;c__Magnoliopsida;o__Poales;f__Poaceae;g__Hordeum;s__Hordeum vulgare
6ed6b9dd593ff6342ce4784968b0158e	d__Fungi;p__Streptophyta;c__Magnoliopsida;o__Poales;f__Poaceae;g__Hordeum;s__Hordeum vulgare
d14ef574181a2ea382a70abd26956bd7	d__Fungi;p__Streptophyta;c__Magnoliopsida;o__Poales;f__Poaceae;g__Hordeum;s__Hordeum vulgare
abada27b741358cf7b6cde5000a83253	d__Fungi;p__Streptophyta;c__Magnoliopsida;o__Poales;f__Poaceae;g__Hordeum;s__Hordeum vulgare
5722fd2da1d31767cb691b568395d237	d__Fungi;p__Streptophyta;c__Magnoliopsida;o__Poales;f__Poaceae;g__Hordeum;s__Hordeum vulgare
f1b97e6c5a2d29b0da59d01af5550410	d__Fungi;p__Streptophyta;c__Magnoliopsida;o__Poales;f__Poaceae;g__Hordeum;s__Hordeum vulgare
6cfcd46896884298da5441dd3fd2bb07	d__Fungi;p__Streptophyta;c__Magnoliopsida;o__Poales;f__Poaceae;g__Hordeum;s__Hordeum vulgare
b13ef9cbec93f570e402603d2c8d4581	d__Fungi;p__Streptophyta;c__Magnoliopsida;o__Poales;f__Poaceae;g__Hordeum;s__Hordeum vulgare
73ce8b8055e4e76f77fd969a83d08edd	d__Fungi;p__Streptophyta;c__Magnoliopsida;o__Poales;f__Poaceae;g__Hordeum;s__Hordeum vulgare
b5f3540ec7e8e35d7ac4a503573f451d	d__Fungi;p__Streptophyta;c__Magnoliopsida;o__Poales;f__Poaceae;g__Hordeum;s__Hordeum vulgare
5d56f01b21cc9f95c15775156c1e1156	d__Fungi;p__Basidiomycota;c__Agaricomycetes;o__;f__;g__;s__uncultured Corticiales
3437fcc5e14cfa12040630465369ee0b	d__Fungi;p__Streptophyta;c__Magnoliopsida;o__Poales;f__Poaceae;g__Hordeum;s__Hordeum vulgare
f84d8b9411272e90784f7cd30db835ee	d__Fungi;p__Streptophyta;c__Magnoliopsida;o__Poales;f__Poaceae;g__Hordeum;s__Hordeum vulgare
0644293170c6b4f6ac9340a03d3f347a	d__Fungi;p__Streptophyta;c__Magnoliopsida;o__Poales;f__Poaceae;g__Hordeum;s__Hordeum vulgare
5fc9865a024dfaec8a9addd5c6954917	d__Fungi;p__Basidiomycota;c__Agaricomycetes;o__;f__;g__;s__uncultured Corticiales
0fc192dca02b04cd9cb0b3b018513523	d__Fungi;p__Streptophyta;c__Magnoliopsida;o__Poales;f__Poaceae;g__Hordeum;s__Hordeum vulgare
d021174edb12e6ba6ef4a6d2e1c44283	d__Fungi;p__Streptophyta;c__Magnoliopsida;o__Brassicales;f__Brassicaceae;g__Brassica;s__Brassica rapa
30334946d15ca203e51cfd1c22ccb84e	d__Fungi;p__Streptophyta;c__Magnoliopsida;o__Poales;f__Poaceae;g__Hordeum;s__Hordeum vulgare
0a19f0ce1ff2b8c9e12d726d2062b1b3	d__Fungi;p__Streptophyta;c__Magnoliopsida;o__Poales;f__Poaceae;g__Hordeum;s__Hordeum vulgare
982d4fc07680107791ba5e8a64203d04	d__Fungi;p__Basidiomycota;c__Agaricomycetes;o__;f__;g__;s__uncultured Corticiales
4788b8c733f96366c880505a3b9c929b	d__Fungi;p__Streptophyta;c__Magnoliopsida;o__Poales;f__Poaceae;g__Hordeum;s__Hordeum vulgare
a29e23c6da625e87d835b8b27e079bc5	d__Fungi;p__Streptophyta;c__Magnoliopsida;o__Poales;f__Poaceae;g__Hordeum;s__Hordeum vulgare
f9e597c20a9412e365605c785c2c2c19	d__Fungi;p__Streptophyta;c__Magnoliopsida;o__Poales;f__Poaceae;g__Hordeum;s__Hordeum vulgare
9491279f83064eb517da83c6d5f70967	d__Fungi;p__Streptophyta;c__Magnoliopsida;o__Poales;f__Poaceae;g__Hordeum;s__Hordeum vulgare
422da5ab37e302d36e46f532c29d187c	d__Fungi;p__Streptophyta;c__Magnoliopsida;o__Poales;f__Poaceae;g__Hordeum;s__Hordeum vulgare
c6dd323d7edb64931f975b95bf0322ce	d__Fungi;p__Streptophyta;c__Magnoliopsida;o__Poales;f__Poaceae;g__Hordeum;s__Hordeum vulgare
95922e9f66ebbfab0b965260d5632dc9	d__Fungi;p__Streptophyta;c__Magnoliopsida;o__Poales;f__Poaceae;g__Hordeum;s__Hordeum vulgare
48d44b7bef4548c3a2e140d0a35ef9ae	d__Fungi
3ba9f60ba5732488fd3aa5cb9730f642	d__Fungi;p__Streptophyta;c__Magnoliopsida;o__Poales;f__Poaceae;g__Hordeum;s__Hordeum vulgare
e50a012eda9f4f8ece27428955cfc503	d__Fungi;p__Basidiomycota;c__Agaricomycetes;o__;f__;g__;s__uncultured Corticiales
917918416d19f5f75e0d6d73dbc0497d	d__Fungi;p__Basidiomycota;c__Agaricomycetes;o__;f__;g__;s__uncultured Corticiales
687e27294d18ee45a70656fa74d9d9b3	d__Fungi;p__Streptophyta;c__Magnoliopsida;o__Poales;f__Poaceae;g__Hordeum;s__Hordeum vulgare
12ff5877cc697efd23462e2ca5a1242b	d__Fungi;p__Streptophyta;c__Magnoliopsida;o__Poales;f__Poaceae;g__Hordeum;s__Hordeum vulgare
950e4ed950beac1956410f1392da8061	d__Fungi;p__Streptophyta;c__Magnoliopsida;o__Poales;f__Poaceae;g__Hordeum;s__Hordeum vulgare
fd2efc08af328b464c9aa1b6abf4c970	d__Fungi;p__Basidiomycota;c__Agaricomycetes;o__;f__;g__;s__uncultured Corticiales
dc1f3ed7687bfe17d80ae2e2490ac957	d__Fungi;p__Streptophyta;c__Magnoliopsida;o__Poales;f__Poaceae;g__Hordeum;s__Hordeum vulgare
fdcded282fb3010e70db7dfd0291172b	d__Fungi;p__Streptophyta;c__Magnoliopsida;o__Poales;f__Poaceae;g__Hordeum;s__Hordeum vulgare
3f514a8b55db83cd5ba4939d249183e9	d__Fungi
181bbbf55e25e366086176a3850afd7a	d__Fungi;p__Streptophyta;c__Magnoliopsida;o__Poales;f__Poaceae;g__Hordeum;s__Hordeum vulgare
ae7dfeb1bd53b69cc6ef8c2d8a64d02b	d__Fungi;p__Streptophyta;c__Magnoliopsida;o__Poales;f__Poaceae;g__Hordeum;s__Hordeum vulgare
30c9a2e6020b77b92f1df90cff3b8347	d__Fungi;p__Streptophyta;c__Magnoliopsida;o__Poales;f__Poaceae;g__Hordeum;s__Hordeum vulgare
1a635ab670dd29dbcff869a662f54c55	d__Fungi;p__Streptophyta;c__Magnoliopsida;o__Poales;f__Poaceae;g__Hordeum;s__Hordeum vulgare
d1f04b20ea9cb5d5ad16050b492091ef	d__Fungi;p__Streptophyta;c__Magnoliopsida;o__Poales;f__Poaceae;g__Hordeum;s__Hordeum vulgare
c46884197366d874e03b28eaa1ce400d	d__Fungi;p__Streptophyta;c__Magnoliopsida;o__Poales;f__Poaceae;g__Hordeum;s__Hordeum vulgare
73d4c4ea5eb2834f7ddf93ec5b9791fd	d__Fungi;p__Streptophyta;c__Magnoliopsida;o__Poales;f__Poaceae;g__Hordeum;s__Hordeum vulgare
5f5332c5f7f3b735fb90c653b897c851	d__Fungi;p__Streptophyta;c__Magnoliopsida;o__Poales;f__Poaceae;g__Hordeum;s__Hordeum vulgare
0017e1a95c1d3a7244d557fda6c85960	d__Fungi;p__Streptophyta;c__Magnoliopsida;o__Poales;f__Poaceae;g__Hordeum;s__Hordeum vulgare
b8b42f6f9c307b16365cd9a6b1164a34	d__Fungi;p__Streptophyta;c__Magnoliopsida;o__Poales;f__Poaceae;g__Hordeum;s__Hordeum vulgare
14a498e64f90fcf23195afdbe9593071	d__Fungi
01352a08cc4394f764cb7ceb93380cc2	d__Fungi;p__Streptophyta;c__Magnoliopsida;o__Poales;f__Poaceae;g__Hordeum;s__Hordeum vulgare
39102659bdd535446a750f3b336d3804	d__Fungi;p__Streptophyta;c__Magnoliopsida;o__Poales;f__Poaceae;g__Hordeum;s__Hordeum vulgare
d5013ad4b73346317bc7d286fd6a1637	d__Fungi;p__Streptophyta;c__Magnoliopsida;o__Poales;f__Poaceae;g__Hordeum;s__Hordeum vulgare
3232b98860e9d23b4f21a3a256047de2	d__Fungi;p__Streptophyta;c__Magnoliopsida;o__Poales;f__Poaceae;g__Hordeum;s__Hordeum vulgare
c02e1f36be0b289bd1d501b67d1ccef3	d__Fungi;p__Streptophyta;c__Magnoliopsida;o__Poales;f__Poaceae;g__Hordeum;s__Hordeum vulgare
0ba33410769d9c9073abd93dc79c4649	d__Fungi;p__Streptophyta;c__Magnoliopsida;o__Poales;f__Poaceae;g__Hordeum;s__Hordeum vulgare
99a19c5b707c047bc4e782188d7cf490	d__Fungi;p__Streptophyta;c__Magnoliopsida;o__Poales;f__Poaceae;g__Hordeum;s__Hordeum vulgare
b4e2ede835395e4dbb4a051d5813a4d0	d__Fungi;p__Streptophyta;c__Magnoliopsida;o__Poales;f__Poaceae;g__Hordeum;s__Hordeum vulgare
108383ef94a314f7057769fe02430ed0	d__Fungi;p__Streptophyta;c__Magnoliopsida;o__Poales;f__Poaceae;g__Hordeum;s__Hordeum vulgare
f412f094c11126956b549eb84743d7ec	d__Fungi;p__Streptophyta;c__Magnoliopsida;o__Poales;f__Poaceae;g__Hordeum;s__Hordeum vulgare
6784740604b839ba6bca3b7b1fe76437	d__Fungi;p__Streptophyta;c__Magnoliopsida;o__Rosales;f__Rosaceae;g__Dryas;s__Dryas integrifolia
db4983b5c5526060cce756d7b22087be	d__Fungi;p__Streptophyta;c__Magnoliopsida;o__Poales;f__Poaceae;g__Hordeum;s__Hordeum vulgare
687cf063fc95c2b339dc8ee264f45354	d__Fungi;p__Streptophyta;c__Magnoliopsida;o__Poales;f__Poaceae;g__Hordeum;s__Hordeum vulgare
368687b84471a3e1ad77780fac24928e	d__Fungi
ef79949820d113b574a82ade323d1105	d__Fungi;p__Streptophyta;c__Magnoliopsida;o__Poales;f__Poaceae;g__Hordeum;s__Hordeum vulgare
35431a934232917feafce5092b044923	d__Fungi;p__Streptophyta;c__Magnoliopsida;o__Poales;f__Poaceae;g__Hordeum;s__Hordeum vulgare
ad506da28fe9234df84afe49867963fb	d__Fungi;p__Streptophyta;c__Magnoliopsida;o__Poales;f__Poaceae;g__Hordeum;s__Hordeum vulgare
ce786518950831b50ba05cfee701ccd7	d__Fungi;p__Streptophyta;c__Magnoliopsida;o__Poales;f__Poaceae;g__Hordeum;s__Hordeum vulgare
2f52913f4c996a20e3015a769323eef4	d__Fungi;p__Streptophyta;c__Magnoliopsida;o__Poales;f__Poaceae;g__Hordeum;s__Hordeum vulgare
326906392f396d37ca4d69a40b882190	d__Fungi;p__Streptophyta;c__Magnoliopsida;o__Brassicales;f__Brassicaceae;g__Brassica;s__Brassica rapa
f1e6da5ce09c4992b94677bd3285ced1	d__Fungi;p__Streptophyta;c__Magnoliopsida;o__Poales;f__Poaceae;g__Hordeum;s__Hordeum vulgare
6a83fad3152a6a0b970d0a23c6f6ce9a	d__Fungi;p__Basidiomycota;c__Tremellomycetes;o__Tremellales;f__;g__;s__uncultured Tremellales
d0fc9594de0d646cfa5fff064c4fd549	d__Fungi;p__Basidiomycota;c__Agaricomycetes;o__;f__;g__;s__uncultured Corticiales
2bdf01f9e422bedcff2320b02f6aaa60	d__Fungi;p__Streptophyta;c__Magnoliopsida;o__Poales;f__Poaceae;g__Hordeum;s__Hordeum vulgare
0b914302499f6f6479e843ae06e3c56d	d__Fungi;p__Streptophyta;c__Magnoliopsida;o__Poales;f__Poaceae;g__Hordeum;s__Hordeum vulgare
aa21efaf69b048aa9f187de5bfa408e6	d__Fungi;p__Streptophyta;c__Magnoliopsida;o__Poales;f__Poaceae;g__Hordeum;s__Hordeum vulgare
1a05b73968499c48240a0aa4d38ef14e	d__Fungi;p__Streptophyta;c__Magnoliopsida;o__Poales;f__Poaceae;g__Hordeum;s__Hordeum vulgare
02c2d9f1a96e67a3d6d4c02e10c2b987	d__Fungi;p__Streptophyta;c__Magnoliopsida;o__Apiales;f__Apiaceae;g__Coriandrum;s__Coriandrum sativum
64b50531c12e1a67a1d2c0be0d619d04	d__Fungi;p__Streptophyta;c__Magnoliopsida;o__Poales;f__Poaceae;g__Hordeum;s__Hordeum vulgare
827a1c92884adf5e84c76dd8c7e81e70	d__Fungi;p__Streptophyta;c__Magnoliopsida;o__Poales;f__Poaceae;g__Hordeum;s__Hordeum vulgare
90da09841ca2a321f63cb82b1e5d1687	d__Fungi;p__Streptophyta;c__Magnoliopsida;o__Poales;f__Poaceae;g__Hordeum;s__Hordeum vulgare
ee6e9b1d36c3b25412e02b7339895aca	d__Fungi;p__Streptophyta;c__Magnoliopsida;o__Poales;f__Poaceae;g__Hordeum;s__Hordeum vulgare
b0091f6e06b89838621a461c2afb7e2f	d__Fungi;p__Streptophyta;c__Magnoliopsida;o__Poales;f__Poaceae;g__Hordeum;s__Hordeum vulgare
e196ad4f587f84778ba7a00c54fac4d1	d__Fungi;p__Basidiomycota;c__Agaricomycetes;o__;f__;g__;s__uncultured Corticiales
a946797024e6852c3efb25040c2301ff	d__Fungi;p__Streptophyta;c__Magnoliopsida;o__Poales;f__Poaceae;g__Hordeum;s__Hordeum vulgare
3db2eb52ff9c0a7d8b845451711344c7	d__Fungi;p__Streptophyta;c__Magnoliopsida;o__Poales;f__Poaceae;g__Hordeum;s__Hordeum vulgare
df98a1049db9906c92e3a55955dad66f	d__Fungi;p__Streptophyta;c__Magnoliopsida;o__Poales;f__Poaceae;g__Hordeum;s__Hordeum vulgare
ae73424747101ecca919747a0f6356b4	d__Bacteria;p__Pseudomonadota;c__Gammaproteobacteria;o__Pseudomonadales;f__Pseudomonadaceae;g__Pseudomonas;s__Pseudomonas sp. B21-040
573cec71a1af0c1c35f7e6b009ad822d	d__Fungi;p__Streptophyta;c__Magnoliopsida;o__Poales;f__Poaceae;g__Hordeum;s__Hordeum vulgare
f1562b927bf9b0e9025b4d5df97ca2b4	d__Fungi;p__Streptophyta;c__Magnoliopsida;o__Poales;f__Poaceae;g__Hordeum;s__Hordeum vulgare
e705bab25a70e107ebcc651a5a43bd24	d__Fungi;p__Chlorophyta;c__Trebouxiophyceae;o__Trebouxiales;f__Trebouxiaceae;g__Trebouxia;s__uncultured Trebouxia photobiont
1ebc0a4e4e3e2424c07620e4603d9d7c	d__Fungi;p__Streptophyta;c__Magnoliopsida;o__Poales;f__Poaceae;g__Hordeum;s__Hordeum vulgare
43fa4f0a5824dabbf112a11b4dc4239f	d__Fungi;p__Streptophyta;c__Magnoliopsida;o__Poales;f__Poaceae;g__Hordeum;s__Hordeum vulgare
e8e74cdc47745d28508d0c557697b485	d__Fungi;p__Streptophyta;c__Magnoliopsida;o__Poales;f__Poaceae;g__Hordeum;s__Hordeum vulgare
cbfc1dfc48dc5d1d8b0476994e1c8fec	d__Fungi;p__Streptophyta;c__Magnoliopsida;o__Poales;f__Poaceae;g__Hordeum;s__Hordeum vulgare
2e731caa35eb88db8ce034fd957ee0d2	d__Fungi;p__Streptophyta;c__Magnoliopsida;o__Poales;f__Poaceae;g__Hordeum;s__Hordeum vulgare
fafb36f37f7c17af9e2f89da9a699e66	d__Fungi;p__Streptophyta;c__Magnoliopsida;o__Poales;f__Poaceae;g__Hordeum;s__Hordeum vulgare
c049dc9165401706e5971a695f96fee3	d__Fungi;p__Streptophyta;c__Magnoliopsida;o__Poales;f__Poaceae;g__Hordeum;s__Hordeum vulgare
78a7a43ed1c6b4c1368a8b78d6d01e99	d__Fungi;p__Streptophyta;c__Magnoliopsida;o__Poales;f__Poaceae;g__Hordeum;s__Hordeum vulgare
3c090f4442386f69f35de85c353d6d62	d__Fungi;p__Streptophyta;c__Magnoliopsida;o__Poales;f__Poaceae;g__Hordeum;s__Hordeum vulgare
2d56d99c247c38d71cf15874cabee33f	d__Fungi;p__Streptophyta;c__Magnoliopsida;o__Poales;f__Poaceae;g__Hordeum;s__Hordeum vulgare
063d4b3bfb1616013eedfe5c43349748	d__Fungi;p__Streptophyta;c__Magnoliopsida;o__Poales;f__Poaceae;g__Hordeum;s__Hordeum vulgare
14fd84f550137d0b047244feac60b3f5	d__Fungi;p__Streptophyta;c__Magnoliopsida;o__Poales;f__Poaceae;g__Hordeum;s__Hordeum vulgare
e08ddc02e27d944722e9c14b6dd7b05e	d__Fungi;p__Streptophyta;c__Magnoliopsida;o__Poales;f__Poaceae;g__Hordeum;s__Hordeum vulgare
fff644c5ab7685ca4134ac39565bcba5	d__Fungi;p__Streptophyta;c__Magnoliopsida;o__Poales;f__Poaceae;g__Hordeum;s__Hordeum vulgare
1834e1758692d75cd507426dffe69a5d	d__Fungi;p__Streptophyta;c__Magnoliopsida;o__Poales;f__Poaceae;g__Hordeum;s__Hordeum vulgare
69eca509db4972f7e288fe8ea6a98aaf	d__Fungi;p__Streptophyta;c__Magnoliopsida;o__Poales;f__Poaceae;g__Hordeum;s__Hordeum vulgare
83b9cb8be4a9cd4e551ee69103a1c5be	d__Fungi;p__Streptophyta;c__Magnoliopsida;o__Caryophyllales;f__Chenopodiaceae;g__Beta;s__Beta vulgaris
dda8d1a70f1095391d500f920b5d2a2a	d__Fungi;p__Streptophyta;c__Magnoliopsida;o__Poales;f__Poaceae;g__Hordeum;s__Hordeum vulgare
8fdfb8f3f1e33422db709b1267c0e938	d__Fungi;p__Streptophyta;c__Magnoliopsida;o__Brassicales;f__Brassicaceae;g__Brassica;s__Brassica rapa
5944d72f7da6ef799962a7d6d1ae2629	d__Fungi;p__Streptophyta;c__Magnoliopsida;o__Cucurbitales;f__Cucurbitaceae;g__Cucumis;s__Cucumis sativus
72755a27101d7b102b5189dd511e7951	d__Fungi;p__Streptophyta;c__Magnoliopsida;o__Poales;f__Poaceae;g__Hordeum;s__Hordeum vulgare
5864191a751697efc82c4a773205256f	d__Fungi;p__Streptophyta;c__Magnoliopsida;o__Poales;f__Poaceae;g__Hordeum;s__Hordeum vulgare
c8b2c30302cb902c4774f828faee6401	d__Fungi;p__Streptophyta;c__Magnoliopsida;o__Poales;f__Poaceae;g__Hordeum;s__Hordeum vulgare
1acb12b6282db22e326dc4b9f9d06649	d__Fungi;p__Streptophyta;c__Magnoliopsida;o__Poales;f__Poaceae;g__Hordeum;s__Hordeum vulgare
5ab060f7d0dbcc41c105b90278706a87	d__Fungi;p__Streptophyta;c__Magnoliopsida;o__Poales;f__Poaceae;g__Hordeum;s__Hordeum vulgare
7de465139d768996b87777180eefe161	d__Fungi;p__Streptophyta;c__Magnoliopsida;o__Poales;f__Poaceae;g__Hordeum;s__Hordeum vulgare
9d428cbc6bc7721a439ace5c361625bd	d__Fungi;p__Streptophyta;c__Magnoliopsida;o__Poales;f__Poaceae;g__Hordeum;s__Hordeum vulgare
eedf7b3ab7c6b9dfd367eace488c7a85	d__Fungi;p__Streptophyta;c__Magnoliopsida;o__Brassicales;f__Brassicaceae;g__Brassica;s__Brassica rapa
74329cafbfe5e1b3727820cac2176c32	d__Fungi;p__Streptophyta;c__Magnoliopsida;o__Poales;f__Poaceae;g__Hordeum;s__Hordeum vulgare
1bab718db019824050e3a186daccc65f	d__Fungi;p__Streptophyta;c__Magnoliopsida;o__Poales;f__Poaceae;g__Hordeum;s__Hordeum vulgare
dcbadc83ee687bb54688b007d344c9e9	d__Fungi;p__Streptophyta;c__Magnoliopsida;o__Poales;f__Poaceae;g__Hordeum;s__Hordeum vulgare
6338a8ed04e2892047f5d702647f908a	d__Fungi;p__Basidiomycota;c__Agaricomycetes;o__;f__;g__;s__uncultured Corticiales
4c87c33727634a57443c12d4ff4c54f7	d__Fungi;p__Streptophyta;c__Magnoliopsida;o__Poales;f__Poaceae;g__Hordeum;s__Hordeum vulgare
146587332a7a35a224c4d057829cb220	d__Fungi;p__Streptophyta;c__Magnoliopsida;o__Poales;f__Poaceae;g__Hordeum;s__Hordeum vulgare
741c1d988e01b014e226a70e967b54d1	d__Fungi
5619b34e652fe944305710355f4cd286	d__Fungi;p__Streptophyta;c__Magnoliopsida;o__Poales;f__Poaceae;g__Hordeum;s__Hordeum vulgare
75087690882abbf073d6227c020f46fa	d__Fungi;p__Ascomycota;c__Eurotiomycetes;o__Eurotiales;f__Aspergillaceae;g__Aspergillus;s__Aspergillus flavus
27da98757e986b4644310d0c66d824d9	d__Fungi;p__Streptophyta;c__Magnoliopsida;o__Poales;f__Poaceae;g__Hordeum;s__Hordeum vulgare
4be9d1dd5a51cce103c24bfd85d500b3	d__Fungi;p__Streptophyta;c__Magnoliopsida;o__Rosales;f__Rosaceae;g__Prunus;s__Prunus armeniaca
e867c36a7a57fb9a3db514f67a316126	d__Fungi;p__Streptophyta;c__Magnoliopsida;o__Poales;f__Poaceae;g__Hordeum;s__Hordeum vulgare
44d0dc6e09e9bbd89e7bfc6d0d195ebc	d__Fungi;p__Streptophyta;c__Magnoliopsida;o__Poales;f__Poaceae;g__Hordeum;s__Hordeum vulgare
d67add3ed800254c1405076f4eb73d5b	d__Fungi;p__Streptophyta;c__Magnoliopsida;o__Poales;f__Poaceae;g__Hordeum;s__Hordeum vulgare
af632db95cb652296d7fa5f411c912ab	d__Fungi;p__Streptophyta;c__Magnoliopsida;o__Poales;f__Poaceae;g__Hordeum;s__Hordeum vulgare
34b2a414da668f9227232ec7c048d9ec	d__Fungi;p__Streptophyta;c__Magnoliopsida;o__Poales;f__Poaceae;g__Leymus;s__Leymus karelinii
6b117db4bd28b3620b3407ae83f3fb5d	d__Fungi;p__Streptophyta;c__Magnoliopsida;o__Poales;f__Poaceae;g__Hordeum;s__Hordeum vulgare
d755ced1cdf2e9042c28cf5fb8b6100f	d__Fungi;p__Streptophyta;c__Magnoliopsida;o__Poales;f__Poaceae;g__Hordeum;s__Hordeum vulgare
d87410c8420746d3989925553429474d	d__Fungi;p__Streptophyta;c__Magnoliopsida;o__Poales;f__Poaceae;g__Hordeum;s__Hordeum vulgare
368b8c8828cd78392e773f4d0f207515	d__Fungi;p__Streptophyta;c__Magnoliopsida;o__Poales;f__Poaceae;g__Hordeum;s__Hordeum vulgare
991849ade3cddef946769f0786a4dba9	d__Fungi;p__Streptophyta;c__Magnoliopsida;o__Poales;f__Poaceae;g__Hordeum;s__Hordeum vulgare
ffb56cfd8e3eb8336fb5c712be87302f	d__Fungi;p__Streptophyta;c__Magnoliopsida;o__Poales;f__Poaceae;g__Hordeum;s__Hordeum vulgare
b83e71d04da97e3335fc80b8d87c6a14	d__Fungi;p__Streptophyta;c__Magnoliopsida;o__Poales;f__Poaceae;g__Hordeum;s__Hordeum vulgare
9857f2c46bc1a16da75fff2ba23e1737	d__Fungi;p__Streptophyta;c__Magnoliopsida;o__Poales;f__Poaceae;g__Hordeum;s__Hordeum vulgare
55d3aea1d54a28ab2e8392be202b6c06	d__Fungi;p__Streptophyta;c__Magnoliopsida;o__Poales;f__Poaceae;g__Hordeum;s__Hordeum vulgare
2a38e4db8b8f711b5b0a71a9e4cb4255	d__Fungi;p__Streptophyta;c__Magnoliopsida;o__Poales;f__Poaceae;g__Hordeum;s__Hordeum vulgare
a97e674304f0e4c6ae98dd961b8b8729	d__Fungi;p__Streptophyta;c__Magnoliopsida;o__Poales;f__Poaceae;g__Hordeum;s__Hordeum vulgare
f5c022e060ad96e633db06024775e9e1	d__Fungi;p__Streptophyta;c__Magnoliopsida;o__Poales;f__Poaceae;g__Hordeum;s__Hordeum vulgare
16663efb776f610b6223c5d1548ec774	d__Fungi;p__Streptophyta;c__Magnoliopsida;o__Poales;f__Poaceae;g__Hordeum;s__Hordeum vulgare
b404a5892386c52103f8d5fc4a925fc5	d__Fungi
6c03736003b98ead863dbd077bd1e52f	d__Fungi;p__Streptophyta;c__Magnoliopsida;o__Apiales;f__Apiaceae;g__Cuminum;s__Cuminum cyminum
27dd857beb20103e584af4dcff2c78d2	d__Fungi;p__Streptophyta;c__Magnoliopsida;o__Poales;f__Poaceae;g__Hordeum;s__Hordeum vulgare
fd7324592127671054796454f0141a65	d__Fungi;p__Streptophyta;c__Magnoliopsida;o__Poales;f__Poaceae;g__Hordeum;s__Hordeum vulgare
7d2e2f60e4808bc8999cdbf65dffa314	d__Fungi;p__Streptophyta;c__Magnoliopsida;o__Poales;f__Poaceae;g__Hordeum;s__Hordeum vulgare
4ebddacfc9617dfde7a09e055fe21971	d__Fungi;p__Streptophyta;c__Magnoliopsida;o__Poales;f__Poaceae;g__Hordeum;s__Hordeum vulgare
62ee40f7645d4f0b38949275196fb7a2	d__Fungi;p__Streptophyta;c__Magnoliopsida;o__Poales;f__Poaceae;g__Hordeum;s__Hordeum vulgare
fe79af7732bcfcec30e8bdb918e373d1	d__Fungi;p__Streptophyta;c__Magnoliopsida;o__Poales;f__Poaceae;g__Hordeum;s__Hordeum vulgare
eb51048e98512c03a5a131458a042e33	d__Fungi;p__Streptophyta;c__Magnoliopsida;o__Poales;f__Poaceae;g__Hordeum;s__Hordeum vulgare
74f5c384445ad0b6754dd9695ca81b48	d__Fungi;p__Streptophyta;c__Magnoliopsida;o__Poales;f__Poaceae;g__Hordeum;s__Hordeum vulgare
bfae5cc823bd530e367a97ed1e1c98b5	d__Fungi;p__Streptophyta;c__Magnoliopsida;o__Poales;f__Poaceae;g__Hordeum;s__Hordeum vulgare
60069fb8ae5998d6ad798feb2a7006e1	d__Fungi;p__Streptophyta;c__Magnoliopsida;o__Poales;f__Poaceae;g__Hordeum;s__Hordeum vulgare
63f3f83d0e943d610074cff75fa16679	d__Fungi;p__Streptophyta;c__Magnoliopsida;o__Poales;f__Poaceae;g__Hordeum;s__Hordeum vulgare
21811757f7632088d69eefc1b47ee1a8	d__Fungi;p__Streptophyta;c__Magnoliopsida;o__Fagales;f__Betulaceae;g__Carpinus;s__Carpinus betulus
61a7722d43c078b36b75951ac8fef103	d__Fungi;p__Basidiomycota;c__Agaricomycetes;o__;f__;g__;s__uncultured Corticiales
294cbd801821edbc6f8a5064848c2a40	d__Fungi;p__Streptophyta;c__Magnoliopsida;o__Poales;f__Poaceae;g__Hordeum;s__Hordeum vulgare
1c4bbf616d59951606cf176e99618fad	d__Fungi;p__Streptophyta;c__Magnoliopsida;o__Poales;f__Poaceae;g__Hordeum;s__Hordeum vulgare
81f3ee260eef9f4b24f4ef559b0858c9	d__Fungi;p__Streptophyta;c__Magnoliopsida;o__Poales;f__Poaceae;g__Hordeum;s__Hordeum vulgare
88a0c868978f3d566c7eb38613d884ee	d__Fungi;p__Streptophyta;c__Magnoliopsida;o__Poales;f__Poaceae;g__Hordeum;s__Hordeum vulgare
9a8dc0321d1fd8be4b527c48e9043aa7	d__Fungi;p__Streptophyta;c__Magnoliopsida;o__Poales;f__Poaceae;g__Hordeum;s__Hordeum vulgare
e3e1fcf96b470248d192fac68a0ba0b9	d__Fungi;p__Streptophyta;c__Magnoliopsida;o__Poales;f__Poaceae;g__Hordeum;s__Hordeum vulgare
91916011fbe8df998204ff2cb2df4f0d	d__Fungi;p__Streptophyta;c__Magnoliopsida;o__Poales;f__Poaceae;g__Hordeum;s__Hordeum vulgare
117dbc75eaf475196380fa7556010438	d__Fungi;p__Streptophyta;c__Magnoliopsida;o__Poales;f__Poaceae;g__Hordeum;s__Hordeum vulgare
a8e8d6bd60cf5c6ab8ca8515b7fdc631	d__Fungi;p__Streptophyta;c__Magnoliopsida;o__Poales;f__Poaceae;g__Hordeum;s__Hordeum vulgare
e887cecfcb5fc8a79a52d18feec3eeba	d__Fungi;p__Basidiomycota;c__Agaricomycetes;o__;f__;g__;s__uncultured Corticiales
574a811d18a31e55a7a237bdbf691830	d__Fungi;p__Basidiomycota;c__Agaricomycetes;o__;f__;g__;s__uncultured Corticiales
574445bfdf6995fe0896e493b0e995fe	d__Fungi;p__Streptophyta;c__Magnoliopsida;o__Poales;f__Poaceae;g__Hordeum;s__Hordeum vulgare
c1bfd54f0b71223e7b75f7e4bce6be34	d__Fungi;p__Streptophyta;c__Magnoliopsida;o__Poales;f__Poaceae;g__Hordeum;s__Hordeum vulgare
98dec4c20a7350b8f02a1abc631bf3bd	d__Fungi;p__Streptophyta;c__Magnoliopsida;o__Poales;f__Poaceae;g__Hordeum;s__Hordeum vulgare
c391a7d7261c3f671071d0625c57b400	d__Fungi;p__Streptophyta;c__Magnoliopsida;o__Poales;f__Poaceae;g__Hordeum;s__Hordeum vulgare
2f1068a7ec51b2262f68d5a35e332ac2	d__Fungi;p__Streptophyta;c__Magnoliopsida;o__Poales;f__Poaceae;g__Leymus;s__Leymus karelinii
667eea7f92f526dc578a0403fbab25c2	d__Fungi;p__Streptophyta;c__Magnoliopsida;o__Poales;f__Poaceae;g__Hordeum;s__Hordeum vulgare
2289298f6906f7b83dded4235e63730a	d__Fungi;p__Streptophyta;c__Magnoliopsida;o__Poales;f__Poaceae;g__Hordeum;s__Hordeum vulgare
9eb160883590d0d19104581a4ba33a93	d__Fungi;p__Streptophyta;c__Magnoliopsida;o__Poales;f__Poaceae;g__Hordeum;s__Hordeum vulgare
2917b396face63712cd2b84c079bd535	d__Fungi;p__Streptophyta;c__Magnoliopsida;o__Poales;f__Poaceae;g__Hordeum;s__Hordeum vulgare
f89497859f35ee9956be3b59a9100ae4	d__Fungi;p__Streptophyta;c__Magnoliopsida;o__Poales;f__Poaceae;g__Hordeum;s__Hordeum vulgare
247313e350c9635b93226075e95d84c0	d__Fungi;p__Basidiomycota;c__Agaricomycetes;o__;f__;g__;s__uncultured Corticiales
92c7920d0e1924c0d153b27b771037cf	d__Fungi;p__Streptophyta;c__Magnoliopsida;o__Poales;f__Poaceae;g__Hordeum;s__Hordeum vulgare
c0323b9f0690583055b13df46931519d	d__Fungi;p__Streptophyta;c__Magnoliopsida;o__Poales;f__Poaceae;g__Hordeum;s__Hordeum vulgare
ab73dac508ca387880b07336f29e1fd6	d__Fungi;p__Basidiomycota;c__Agaricomycetes;o__;f__;g__;s__uncultured Corticiales
892ca31afde71d97b4bfffb8b3703476	d__Fungi;p__Streptophyta;c__Magnoliopsida;o__Poales;f__Poaceae;g__Hordeum;s__Hordeum vulgare
eccd3e7c451ce1aa9cf9b0da8cfaa8b8	d__Fungi;p__Streptophyta;c__Magnoliopsida;o__Poales;f__Poaceae;g__Hordeum;s__Hordeum vulgare
d6b6ff4a45a796cab0b52cbbcba29c53	d__Fungi;p__Streptophyta;c__Magnoliopsida;o__Poales;f__Poaceae;g__Hordeum;s__Hordeum vulgare
9c691c4600511468653b06a9b958e54f	d__Fungi;p__Streptophyta;c__Magnoliopsida;o__Poales;f__Poaceae;g__Leymus;s__Leymus karelinii
b128735198971773313aec81e5e383d4	d__Fungi;p__Ascomycota;c__Eurotiomycetes;o__Eurotiales;f__Aspergillaceae;g__Aspergillus;s__Aspergillus flavus
1575b9bedeefc920751231d83fb10fab	d__Fungi;p__Streptophyta;c__Magnoliopsida;o__Poales;f__Poaceae;g__Hordeum;s__Hordeum vulgare
dd02dadab0c4da510ebedd143bfb0c4c	d__Fungi;p__Streptophyta;c__Magnoliopsida;o__Poales;f__Poaceae;g__Hordeum;s__Hordeum vulgare
cee7dedcc14350ae417aa46f0d17d335	d__Fungi;p__Streptophyta;c__Magnoliopsida;o__Brassicales;f__Brassicaceae;g__Brassica;s__Brassica oleracea
f128e60ab8ef4eba9f04bde0b195512b	d__Fungi;p__Streptophyta;c__Magnoliopsida;o__Rosales;f__Rosaceae;g__Dryas;s__Dryas hookeriana
25252498a1f25d46076c1573c83e5e20	d__Fungi;p__Streptophyta;c__Magnoliopsida;o__Poales;f__Poaceae;g__Hordeum;s__Hordeum vulgare
51fbe18d2e87fa29236100cca1b5c28b	d__Fungi;p__Streptophyta;c__Magnoliopsida;o__Poales;f__Poaceae;g__Hordeum;s__Hordeum vulgare
ec68e7ea776d1ffe18abae6e9675fffb	d__Fungi;p__Streptophyta;c__Magnoliopsida;o__Fagales;f__Betulaceae;g__Betula;s__Betula nana
25c0f404758efc3c91bf10c9309e18a5	d__Fungi;p__Streptophyta;c__Magnoliopsida;o__Rosales;f__Rosaceae;g__Dryas;s__Dryas integrifolia x Dryas octopetala
3c3dedba5a8d7e2e77f8fb4dbb01533e	d__Fungi;p__Streptophyta;c__Magnoliopsida;o__Apiales;f__Apiaceae;g__Cuminum;s__Cuminum cyminum
8304aedced626a6083c45ffa7f120d10	d__Fungi;p__Streptophyta;c__Magnoliopsida;o__Rosales;f__Rosaceae;g__Dryas;s__Dryas hookeriana
92df4a8fbeabb744315c7666f2ae6e5f	d__Fungi;p__Streptophyta;c__Magnoliopsida;o__Caryophyllales;f__Chenopodiaceae;g__Chenopodium;s__Chenopodium album
f40f53a6f6afdce7d871e98bd639b42a	d__Fungi;p__Streptophyta;c__Magnoliopsida;o__Rosales;f__Rosaceae;g__Dryas;s__Dryas integrifolia x Dryas octopetala
efb2e61fad5626cc4db05a6037b48340	d__Fungi
988d3935cd4431c2cbe2a398bda9e9da	d__Fungi;p__Streptophyta;c__Magnoliopsida;o__Poales;f__Poaceae;g__Hordeum;s__Hordeum vulgare
283efd534787a1e27e93b4426007d29f	d__Fungi;p__Streptophyta;c__Magnoliopsida;o__Poales;f__Poaceae;g__Hordeum;s__Hordeum vulgare
fef571843614bb0b24ddeb4d83c0e78f	d__Fungi;p__Streptophyta;c__Magnoliopsida;o__Poales;f__Poaceae;g__Hordeum;s__Hordeum vulgare
f6a2ad286d9b81a59f688107031d8c42	d__Fungi
546885ef246465840930e5d328f04a92	d__Fungi;p__Streptophyta;c__Magnoliopsida;o__Apiales;f__Araliaceae;g__Hedera;s__Hedera helix
8c8fd19059b71f53d7c65dbdf0386972	d__Fungi;p__Streptophyta;c__Magnoliopsida;o__Brassicales;f__Brassicaceae;g__Arabidopsis;s__Arabidopsis thaliana
649e4d69203adda61ca99a1781b10ced	d__Fungi;p__Streptophyta;c__Magnoliopsida;o__Rosales;f__Rosaceae;g__Prunus;s__Prunus persica
f95ba4ebdb62ebbeaa8a31d946b551f9	d__Fungi;p__Basidiomycota;c__Tremellomycetes;o__Trichosporonales;f__Trichosporonaceae;g__Apiotrichum;s__Apiotrichum_laibachii
d5417a460c0601cf30aed8c9462c31b0	d__Fungi;p__Ascomycota;c__Sordariomycetes;o__Hypocreales;f__Bionectriaceae;g__Clonostachys;s__Clonostachys_rosea
1fd9426fd82dbe1663b15cedd10ff25b	d__Fungi;p__Ascomycota;c__Sordariomycetes;o__Hypocreales;f__Nectriaceae;g__Fusicolla;s__Fusicolla_merismoides
f765d0b8b4601e97616caa20a4b73e0f	d__Fungi;p__Basidiomycota;c__Tremellomycetes;o__Trichosporonales;f__Trichosporonaceae;g__Apiotrichum;s__Apiotrichum_dehoogii
352d386293a59777de3e3e6a91f58466	d__Fungi;p__Ascomycota;c__Sordariomycetes;o__Hypocreales;f__Nectriaceae;g__Fusarium;s__Fusarium_oxysporum
2e36888abd9b7a1a7ef6919470ec4d12	d__Fungi;p__Basidiomycota;c__Microbotryomycetes;o__Sporidiobolales;f__Sporidiobolaceae;g__Sporidiobolaceae_gen_Incertae_sedis;s__Sporidiobolaceae_sp
1220cefcab08ad70e4b48848a71f7904	d__Fungi;p__Fungi_phy_Incertae_sedis;c__Fungi_cls_Incertae_sedis;o__Fungi_ord_Incertae_sedis;f__Fungi_fam_Incertae_sedis;g__Fungi_gen_Incertae_sedis;s__Fungi_sp
7a335df09a61602622e38fddb4a366d0	d__Fungi;p__Ascomycota;c__Sordariomycetes;o__Hypocreales;f__Bionectriaceae;g__Bionectria;s__Bionectria_ralfsii
6aff6c11ec63c6a4d30b858d7d510b26	d__Fungi;p__Fungi_phy_Incertae_sedis;c__Fungi_cls_Incertae_sedis;o__Fungi_ord_Incertae_sedis;f__Fungi_fam_Incertae_sedis;g__Fungi_gen_Incertae_sedis;s__Fungi_sp
2dcf891976c8a56c927c0defe162ee54	d__Fungi;p__Ascomycota;c__Eurotiomycetes;o__Eurotiales;f__Aspergillaceae;g__Penicillium;s__Penicillium_mali-pumilae
e83105329156b70a8d2fa4db8525cf6f	d__Fungi;p__Ascomycota;c__Eurotiomycetes;o__Eurotiales;f__Aspergillaceae;g__Aspergillus;s__Aspergillus_fumigatus
507391f4be5cec8e66ac04e692955004	d__Fungi;p__Ascomycota;c__Sordariomycetes;o__Hypocreales;f__Nectriaceae;g__Fusarium
d86cdab95de0ce5db6aabdc3e84c1917	d__Fungi;p__Ascomycota;c__Saccharomycetes;o__Saccharomycetales;f__Saccharomycetales_fam_Incertae_sedis;g__Candida;s__Candida_sake
fe98abcc12aadd66955f1104bf61dfac	d__Fungi;p__Fungi_phy_Incertae_sedis;c__Fungi_cls_Incertae_sedis;o__Fungi_ord_Incertae_sedis;f__Fungi_fam_Incertae_sedis;g__Fungi_gen_Incertae_sedis;s__Fungi_sp
184a28d8ee3118f0e6043afdb83eb3ef	d__Fungi;p__Ascomycota;c__Dothideomycetes;o__Pleosporales;f__Pleosporaceae;g__Alternaria
b38f079af048de8b03c4d3187511eba0	d__Fungi;p__Ascomycota;c__Leotiomycetes;o__Thelebolales;f__Pseudeurotiaceae;g__Pseudogymnoascus;s__Pseudogymnoascus_sp
f406093c66967d7dbb69ae0055648006	d__Fungi;p__Ascomycota;c__Eurotiomycetes;o__Chaetothyriales;f__Herpotrichiellaceae;g__Exophiala
5a603b0c2ea557a920a5ef89316b48d9	d__Fungi;p__Ascomycota;c__Sordariomycetes;o__Hypocreales;f__Bionectriaceae;g__Clonostachys;s__Clonostachys_candelabrum
dce8ecf883af1c48db6fd398256487bc	d__Fungi;p__Basidiomycota;c__Tremellomycetes;o__Tremellales;f__Trimorphomycetaceae;g__Saitozyma;s__Saitozyma_podzolica
3f9d30dc8774e7e6c1fffd66bc132981	d__Fungi;p__Ascomycota;c__Eurotiomycetes;o__Eurotiales;f__Aspergillaceae;g__Penicillium;s__Penicillium_olsonii
c849165d878b87f8602a459d2e62342d	d__Fungi;p__Basidiomycota;c__Tremellomycetes;o__Tremellales;f__Trimorphomycetaceae;g__Saitozyma;s__Saitozyma_podzolica
58f4fe373f0ae9df21493d04e03826aa	d__Fungi;p__Basidiomycota;c__Tremellomycetes;o__Tremellales;f__Trimorphomycetaceae;g__Saitozyma;s__Saitozyma_podzolica
dbbfde28bf529fecb7cba8d519d09fbb	d__Fungi;p__Basidiomycota;c__Microbotryomycetes;o__Sporidiobolales;f__Sporidiobolaceae;g__Sporidiobolaceae_gen_Incertae_sedis;s__Sporidiobolaceae_sp
287ef52c190e89dccfc485745fc9a464	d__Fungi;p__Basidiomycota;c__Microbotryomycetes;o__Sporidiobolales;f__Sporidiobolaceae;g__Sporidiobolaceae_gen_Incertae_sedis;s__Sporidiobolaceae_sp
b5a4714f5738e8a2f2060626d1bfbf8a	d__Fungi;p__Ascomycota;c__Sordariomycetes;o__Hypocreales;f__Hypocreales_fam_Incertae_sedis
1cd14fd2c6d975f292a07ed14249b48d	d__Fungi;p__Ascomycota;c__Sordariomycetes;o__Hypocreales;f__Nectriaceae;g__Nectria;s__Nectria_ramulariae
f0f36c032717bb1d43874c8ad60d02de	d__Fungi
912415b001d2c746fff25e8831df57fe	d__Fungi;p__Basidiomycota;c__Malasseziomycetes;o__Malasseziales;f__Malasseziaceae;g__Malassezia;s__Malassezia_restricta
c39ccabf0393821ef685ab7d4043404c	d__Fungi;p__Ascomycota;c__Eurotiomycetes;o__Eurotiales;f__Aspergillaceae;g__Aspergillus;s__Aspergillus_reticulatus
0af4b6805825d48f524ee15da946b231	d__Fungi;p__Ascomycota;c__Saccharomycetes;o__Saccharomycetales;f__Saccharomycetales_fam_Incertae_sedis;g__Candida;s__Candida_albicans
8d9318a7a1f6a2db259dbad6f2f033b6	d__Fungi;p__Ascomycota;c__Sordariomycetes;o__Glomerellales;f__Glomerellaceae;g__Colletotrichum;s__Colletotrichum_cliviae
c12fdff66e8e19f97460a3c5bce1be64	d__Fungi;p__Ascomycota;c__Sordariomycetes;o__Hypocreales;f__Clavicipitaceae;g__Keithomyces;s__Keithomyces_carneus
3a692bc166e096589688210df1a55d45	d__Fungi;p__Basidiomycota;c__Malasseziomycetes;o__Malasseziales;f__Malasseziaceae;g__Malassezia;s__Malassezia_restricta
2166186fb4bd4c395a3515872f995fce	d__Fungi;p__Ascomycota;c__Dothideomycetes;o__Capnodiales;f__Cladosporiaceae;g__Cladosporium
1bb39747a138fcebb5e7ded7b89b270d	d__Fungi;p__Ascomycota;c__Eurotiomycetes;o__Eurotiales;f__Aspergillaceae;g__Phialomyces;s__Phialomyces_arenicola
48de12f002f83078639d21e0ffa7aca4	d__Fungi;p__Basidiomycota;c__Agaricomycetes;o__Agaricales;f__Cortinariaceae;g__Cortinarius
186a5e3cdb9a257a87ea16c8357692ab	d__Fungi;p__Basidiomycota;c__Agaricomycetes;o__Russulales;f__Russulaceae;g__Russula;s__Russula_violacea
4b1bc7c1a9ba858698ad5018094dd64f	d__Fungi;p__Ascomycota;c__Dothideomycetes;o__Capnodiales;f__Cladosporiaceae;g__Cladosporium;s__Cladosporium_herbarum
01a895ecebbfc3189e8e73e128b63441	d__Fungi;p__Mucoromycota;c__Mucoromycetes;o__Mucorales;f__Rhizopodaceae;g__Rhizopus;s__Rhizopus_arrhizus
5e5e52a6f5271a12ce9005e18fc0ef2f	d__Fungi;p__Ascomycota;c__Dothideomycetes;o__Pleosporales;f__Pleosporaceae;g__Alternaria
e41e49043f9f47ec95373608d2d51a93	d__Fungi;p__Ascomycota;c__Dothideomycetes;o__Pleosporales;f__Pleosporaceae;g__Pyrenophora
7c0623c186385807c4c059f586a0137b	d__Fungi;p__Ascomycota;c__Saccharomycetes;o__Saccharomycetales;f__Saccharomycetales_fam_Incertae_sedis;g__Starmerella;s__Starmerella_apicola
9572f06e674f7f92daf452c93104b0f7	d__Fungi;p__Ascomycota;c__Sordariomycetes;o__Xylariales;f__Amphisphaeriaceae;g__Microdochium
ad8e06c037c8efabb7a53ce44d2322e0	d__Fungi;p__Basidiomycota;c__Agaricomycetes;o__Hymenochaetales;f__Hymenochaetales_fam_Incertae_sedis;g__Trichaptum;s__Trichaptum_abietinum
c449c32eda53b230c63eec3fd2d7a55f	d__Fungi;p__Ascomycota;c__Sordariomycetes;o__Hypocreales;f__Hypocreaceae;g__Kiflimonium;s__Kiflimonium_curvulum
22e6d13782b7a217d59deb3f958cc249	d__Fungi;p__Basidiomycota;c__Tremellomycetes;o__Filobasidiales;f__Piskurozymaceae;g__Solicoccozyma;s__Solicoccozyma_terricola
0c3ffc3ab848d5e14ad9650ecd583d76	d__Fungi;p__Ascomycota;c__Leotiomycetes;o__Helotiales
ab21157a0e8338970dc6d821a563c40e	d__Fungi;p__Ascomycota;c__Eurotiomycetes;o__Eurotiales;f__Aspergillaceae;g__Aspergillus;s__Aspergillus_penicillioides
ce6346f33355285c8985985397508c78	d__Fungi;p__Ascomycota;c__Dothideomycetes;o__Pleosporales;f__Lentitheciaceae;g__Lentitheciaceae_gen_Incertae_sedis;s__Lentitheciaceae_sp
3c87b2751ef8736f044daa926bccc066	d__Fungi;p__Ascomycota;c__Sordariomycetes;o__Thyridiales;f__Thyridiaceae;g__Thyridium;s__Thyridium_endophyticum
38000c6b102bbf9ddf17d9335f1339d8	d__Fungi;p__Basidiomycota;c__Malasseziomycetes;o__Malasseziales;f__Malasseziaceae;g__Malassezia;s__Malassezia_dermatis
a681ee2081ba00b5c0228be09e205348	d__Fungi;p__Basidiomycota;c__Agaricostilbomycetes;o__Agaricostilbales;f__Chionosphaeraceae;g__Chionosphaera;s__Chionosphaera_cuniculicola
8f8bbba540a2c2d21f84659e5e786014	d__Fungi;p__Ascomycota;c__Eurotiomycetes;o__Eurotiales;f__Aspergillaceae;g__Aspergillus;s__Aspergillus_penicillioides
a9e40bf88a412cdd031ff0594deb2243	d__Fungi;p__Ascomycota;c__Eurotiomycetes;o__Eurotiales;f__Aspergillaceae;g__Aspergillus;s__Aspergillus_sydowii
7a2dd9e8a528fa40dd02e11a2ccdb55e	d__Fungi;p__Ascomycota;c__Saccharomycetes;o__Saccharomycetales;f__Saccharomycopsidaceae;g__Saccharomycopsis;s__Saccharomycopsis_fibuligera
9a86099d5a2e91ba377887a8fdc6dbb9	d__Fungi;p__Basidiomycota;c__Tremellomycetes;o__Filobasidiales;f__Filobasidiaceae;g__Naganishia;s__Naganishia_albida
b4e1ba1770a00b1d800bbf073c4da41a	d__Fungi;p__Basidiomycota;c__Tremellomycetes;o__Tremellales;f__Trimorphomycetaceae;g__Saitozyma;s__Saitozyma_podzolica
4d8f193c8275d533d9e0a82324a97734	d__Fungi;p__Basidiomycota;c__Agaricostilbomycetes;o__Agaricostilbales;f__Chionosphaeraceae;g__Chionosphaera;s__Chionosphaera_cuniculicola
ed8dd45f848abc909b68b725b525d70c	d__Fungi;p__Ascomycota;c__Saccharomycetes;o__Saccharomycetales;f__Dipodascaceae;g__Geotrichum
1c9b704264bb3a11fbaf8635a29b6b25	d__Fungi;p__Ascomycota;c__Eurotiomycetes;o__Eurotiales;f__Trichocomaceae;g__Thermomyces;s__Thermomyces_dupontii
8101c76040505cb852c7352717be77a7	d__Fungi;p__Basidiomycota;c__Malasseziomycetes;o__Malasseziales;f__Malasseziaceae;g__Malassezia;s__Malassezia_globosa
d37c4c64c375bb7956a7da6e9dd453dd	d__Fungi;p__Basidiomycota;c__Agaricomycetes;o__Polyporales;f__Cerrenaceae;g__Pseudolagarobasidium;s__Pseudolagarobasidium_belizense
7d838fe407cb0a1b49bc0f2d3fe31981	d__Fungi;p__Ascomycota;c__Leotiomycetes;o__Helotiales;f__Myxotrichaceae;g__Oidiodendron;s__Oidiodendron_griseum
06b1c3790458d64cf0fb756fcc574916	d__Fungi;p__Ascomycota;c__Eurotiomycetes;o__Eurotiales;f__Aspergillaceae;g__Talaromyces
429e59793e814c1e95d2f07680992cc6	d__Fungi;p__Rozellomycota;c__Rozellomycotina_cls_Incertae_sedis;o__GS11;f__GS11_fam_Incertae_sedis;g__GS11_gen_Incertae_sedis;s__GS11_sp
1455931add32a847120a48501ae56ebe	d__Fungi;p__Basidiomycota;c__Agaricomycetes;o__Hymenochaetales;f__Rickenellaceae;g__Resinicium;s__Resinicium_bicolor
9285b919819511a1e8b4851ccb60b5bf	d__Fungi;p__Basidiomycota;c__Tremellomycetes;o__Tremellales;f__Bulleraceae;g__Bullera;s__Bullera_alba
b5f05c908da056b4b816b11c8a5a7a9f	d__Fungi;p__Basidiomycota;c__Agaricomycetes;o__Polyporales;f__Steccherinaceae;g__Junghuhnia;s__Junghuhnia_crustacea
3966d06f57e389a25ed0f2c1d9190015	d__Fungi;p__Basidiomycota;c__Agaricomycetes;o__Polyporales;f__Fomitopsidaceae;g__Amyloporia;s__Amyloporia_sinuosa
94eaba68d364aae4d8ea961048df0fa1	d__Fungi;p__Basidiomycota;c__Malasseziomycetes;o__Malasseziales;f__Malasseziaceae;g__Malassezia;s__Malassezia_globosa
baa7bae2a2022437616ab2b1f4952ec6	d__Fungi;p__Basidiomycota;c__Malasseziomycetes;o__Malasseziales;f__Malasseziaceae;g__Malassezia;s__Malassezia_restricta
6b0284976d2d885a8931b96d181889a1	d__Fungi;p__Basidiomycota;c__Malasseziomycetes;o__Malasseziales;f__Malasseziaceae;g__Malassezia;s__Malassezia_globosa
d94317fe1278b50e6872d47822bafa1f	d__Fungi;p__Ascomycota;c__Sordariomycetes;o__Sordariales;f__Chaetomiaceae;g__Chaetomium;s__Chaetomium_globosum
9dec38c80ed0a34363305293c58d03ac	d__Fungi;p__Basidiomycota;c__Agaricomycetes;o__Phallales;f__Phallaceae;g__Phallus;s__Phallus_impudicus
54b9793840372ec83182b3644ac43a14	d__Fungi;p__Ascomycota;c__Dothideomycetes;o__Pleosporales;f__Sporormiaceae
3600f3a20554127242201a6bb4d90258	d__Fungi
b983dc0bc80286a2d9331eb845f95646	d__Fungi;p__Ascomycota;c__Sordariomycetes;o__Sordariales
149329fb5d083c8f8996cc9eabe2be59	d__Fungi;p__Ascomycota;c__Sordariomycetes;o__Myrmecridiales;f__Myrmecridiales_fam_Incertae_sedis;g__Atractospora;s__Atractospora_aquatica
2c0988a6d7b5c0f0aa3177d8ff66ffd0	d__Fungi;p__Basidiomycota;c__Malasseziomycetes;o__Malasseziales;f__Malasseziaceae;g__Malasseziaceae_gen_Incertae_sedis;s__Malasseziaceae_sp
45532af9f482731c9652efc4326ea755	d__Fungi;p__Ascomycota;c__Sordariomycetes;o__Hypocreales;f__Nectriaceae;g__Fusarium;s__Fusarium_solani
17929c4805f615b035153265de401936	d__Fungi;p__Ascomycota;c__Sordariomycetes;o__Glomerellales;f__Plectosphaerellaceae;g__Plectosphaerella;s__Plectosphaerella_sp
50c556a536611c39146c1de0f9ccad85	d__Fungi;p__Basidiomycota;c__Agaricomycetes;o__Trechisporales;f__Hydnodontaceae;g__Trechispora;s__Trechispora_sp
30a216a38cb45be3863f43c5d04e2f7b	d__Fungi;p__Ascomycota;c__Leotiomycetes;o__Helotiales;f__Helotiaceae;g__Tetracladium;s__Tetracladium_sp
09e5ea1728cb0050c0a66c1e88308cf1	d__Fungi;p__Ascomycota;c__Sordariomycetes;o__Hypocreales;f__Clavicipitaceae;g__Marquandomyces;s__Marquandomyces_marquandii
e3336add540c9162f5c42c00ccfc95b3	d__Fungi;p__Ascomycota;c__Eurotiomycetes;o__Eurotiales;f__Aspergillaceae;g__Aspergillus;s__Aspergillus_ruber
bc66cd9e675a7d049de24fe464eebf28	d__Fungi;p__Basidiomycota;c__Malasseziomycetes;o__Malasseziales;f__Malasseziaceae;g__Malassezia;s__Malassezia_arunalokei
871902153a0a5031a7e345ea239c5f54	d__Fungi;p__Ascomycota;c__Saccharomycetes;o__Saccharomycetales;f__Debaryomycetaceae;g__Hyphopichia;s__Hyphopichia_heimii
0a89000d5fa4ee5a8c8fa08d6c6448f0	d__Fungi;p__Fungi_phy_Incertae_sedis;c__Fungi_cls_Incertae_sedis;o__Fungi_ord_Incertae_sedis;f__Fungi_fam_Incertae_sedis;g__Fungi_gen_Incertae_sedis;s__Fungi_sp
70b9e2799212e8cd4637a99030f45e30	d__Fungi;p__Fungi_phy_Incertae_sedis;c__Fungi_cls_Incertae_sedis;o__Fungi_ord_Incertae_sedis;f__Fungi_fam_Incertae_sedis;g__Fungi_gen_Incertae_sedis;s__Fungi_sp
67bd248958e464d8470f3aedb7a668e7	d__Fungi;p__Ascomycota;c__Sordariomycetes;o__Hypocreales;f__Hypocreaceae;g__Trichoderma;s__Trichoderma_harzianum
c812b8b5beef600a6a66120f4bb35d00	d__Fungi;p__Ascomycota;c__Eurotiomycetes;o__Eurotiales;f__Aspergillaceae;g__Penicillium
a96078b17eb82a36a9f89d8b4c0441b4	d__Fungi;p__Ascomycota;c__Dothideomycetes;o__Pleosporales;f__Pleosporaceae;g__Alternaria
e3e3761d09210b0d4de7dc3ad602a193	d__Fungi;p__Ascomycota;c__Sordariomycetes;o__Hypocreales;f__Cordycipitaceae;g__Engyodontium;s__Engyodontium_album
de44f1473cb91865d17a9fd2ce8c8f47	d__Fungi;p__Ascomycota;c__Leotiomycetes;o__Helotiales;f__Myxotrichaceae;g__Oidiodendron;s__Oidiodendron_griseum
f7b469186b3b541c92c6718b1eae0794	d__Fungi;p__Ascomycota;c__Dothideomycetes;o__Pleosporales;f__Pleosporaceae;g__Alternaria
a836766318007d6489182422cb182f9a	d__Fungi;p__Ascomycota;c__Dothideomycetes;o__Pleosporales;f__Pleosporaceae;g__Pyrenophora
06cc3cd596e1296bd905abc31a43557d	d__Fungi;p__Ascomycota;c__Sordariomycetes;o__Coniochaetales;f__Coniochaetaceae
1583852b0bce26ac0f56b8aa07f5f2c0	d__Fungi;p__Ascomycota;c__Sordariomycetes
fe877dc4aa24a83477ebae409de145bb	d__Fungi;p__Ascomycota;c__Dothideomycetes;o__Capnodiales;f__Cladosporiaceae;g__Cladosporium;s__Cladosporium_austrohemisphaericum
77f69d73f1200348beb8c32c59fcf9a0	d__Fungi;p__Fungi_phy_Incertae_sedis;c__Fungi_cls_Incertae_sedis;o__Fungi_ord_Incertae_sedis;f__Fungi_fam_Incertae_sedis;g__Fungi_gen_Incertae_sedis;s__Fungi_sp
6a208876a78d6826c469c4cf717aba54	d__Fungi;p__Basidiomycota;c__Microbotryomycetes;o__Sporidiobolales;f__Sporidiobolaceae;g__Sporidiobolaceae_gen_Incertae_sedis;s__Sporidiobolaceae_sp
bb81b4d190f31f5aee45ddd062c03156	d__Fungi;p__Ascomycota;c__Sordariomycetes;o__Hypocreales;f__Bionectriaceae;g__Clonostachys;s__Clonostachys_rosea
bca4802f6255d1d0da367ed88bc7ab83	d__Fungi;p__Basidiomycota;c__Malasseziomycetes;o__Malasseziales;f__Malasseziaceae;g__Malassezia;s__Malassezia_restricta
2c04257603bca3923ceded48ef389e8c	d__Fungi;p__Basidiomycota;c__Microbotryomycetes;o__Sporidiobolales;f__Sporidiobolaceae;g__Sporidiobolaceae_gen_Incertae_sedis;s__Sporidiobolaceae_sp
43234939d60acac63575a06d0ad5a8e3	d__Fungi;p__Ascomycota;c__Sordariomycetes;o__Hypocreales;f__Bionectriaceae;g__Clonostachys;s__Clonostachys_candelabrum
1cf3868dd41245d2b0d1ffc0fbfb4b4b	d__Fungi;p__Ascomycota;c__Eurotiomycetes;o__Chaetothyriales;f__Herpotrichiellaceae;g__Exophiala
7ead2a75da770db9beca80c95d466e08	d__Fungi;p__Basidiomycota;c__Agaricomycetes;o__Sebacinales;f__Sebacinales_fam_Incertae_sedis;g__Sebacinales_gen_Incertae_sedis;s__Sebacinales_sp
75cf7d693c5945dfe8fe66242060071b	d__Fungi;p__Basidiomycota;c__Tremellomycetes;o__Tremellales;f__Cuniculitremaceae;g__Kockovaella
46ed6fd87a531a336adb7fdae18f4ea0	d__Fungi;p__Basidiomycota;c__Agaricomycetes;o__Hymenochaetales;f__Hymenochaetaceae
a07977624622b13f139c273275b79eb8	d__Fungi;p__Mortierellomycota;c__Mortierellomycetes;o__Mortierellales;f__Mortierellaceae;g__Mortierella;s__Mortierella_rishikesha
56b17ee22867f28d69ceed6536bce3f4	d__Fungi;p__Ascomycota;c__Sordariomycetes;o__Hypocreales;f__Nectriaceae;g__Fusarium;s__Fusarium_equiseti
e8473049a435de4d2c6bf0e77ce3b0d8	d__Fungi;p__Basidiomycota;c__Tremellomycetes;o__Filobasidiales;f__Filobasidiaceae;g__Filobasidium;s__Filobasidium_magnum
5eac83adbfa8eff2da2c8eb1cc4edea1	d__Fungi;p__Ascomycota;c__Sordariomycetes;o__Glomerellales;f__Plectosphaerellaceae;g__Plectosphaerella;s__Plectosphaerella_sp
28c47e935656e69f118637b9cf00dcf7	d__Fungi;p__Ascomycota;c__Sordariomycetes;o__Hypocreales;f__Hypocreaceae;g__Kiflimonium;s__Kiflimonium_curvulum
0cb72802966ab5a3434e4792344f2e71	d__Fungi;p__Basidiomycota;c__Tremellomycetes;o__Filobasidiales;f__Piskurozymaceae;g__Solicoccozyma;s__Solicoccozyma_terricola
a759b18ed6f56b7f93911c5a127f9042	d__Fungi;p__Basidiomycota;c__Malasseziomycetes;o__Malasseziales;f__Malasseziaceae;g__Malasseziaceae_gen_Incertae_sedis;s__Malasseziaceae_sp
4a6989f64d070de7be23bbc1f5da0fb8	d__Fungi;p__Ascomycota;c__Dothideomycetes;o__Pleosporales;f__Sporormiaceae
53ae2c8d8eb5785c282372f91d266476	d__Fungi;p__Basidiomycota;c__Agaricomycetes;o__Polyporales;f__Ganodermataceae;g__Ganoderma;s__Ganoderma_applanatum
ce9b0e8275655bec22224edb606c2f3a	d__Fungi;p__Ascomycota;c__Saccharomycetes;o__Saccharomycetales;f__Saccharomycetales_fam_Incertae_sedis;g__Diutina;s__Diutina_catenulata
2ee6c7e051f21e8d64dddc9b9c705305	d__Fungi;p__Ascomycota;c__Sordariomycetes;o__Hypocreales;f__Bionectriaceae;g__Clonostachys;s__Clonostachys_rosea
e9a0e1428d52ff2602f1e01c0c3656ed	d__Fungi;p__Ascomycota;c__Sordariomycetes;o__Hypocreales;f__Bionectriaceae
8db57f22318bec5ecc3bfee22325cf6a	d__Fungi;p__Ascomycota;c__Sordariomycetes;o__Sordariales
8b901665ab6c868d9ffa86f5161c3281	d__Fungi;p__Basidiomycota;c__Tremellomycetes;o__Filobasidiales;f__Piskurozymaceae;g__Solicoccozyma;s__Solicoccozyma_terricola
3526f02cebea7eb3267681853c6b79ba	d__Fungi;p__Ascomycota;c__Leotiomycetes;o__Helotiales;f__Hyaloscyphaceae
7e97b4164e8b1a6e41e745f0cb096658	d__Fungi;p__Basidiomycota;c__Malasseziomycetes;o__Malasseziales;f__Malasseziaceae;g__Malassezia;s__Malassezia_restricta
4d6e2be878a509afcce75a196601bd87	d__Fungi;p__Basidiomycota;c__Agaricomycetes;o__Polyporales;f__Fomitopsidaceae;g__Amyloporia;s__Amyloporia_nivea
7909c42688b6465f5e8e80935deec605	d__Fungi;p__Ascomycota;c__Leotiomycetes;o__Thelebolales;f__Pseudeurotiaceae
2d56f13ca2dea05edac36b2c7531db5a	d__Fungi;p__Ascomycota;c__Sordariomycetes;o__Hypocreales;f__Hypocreales_fam_Incertae_sedis;g__Fusariella;s__Fusariella_sp
510407b46446c77ccd9ce7f0de43d7c6	d__Fungi;p__Basidiomycota;c__Tremellomycetes;o__Filobasidiales;f__Piskurozymaceae;g__Solicoccozyma;s__Solicoccozyma_aeria
8890b684e6b26fa5fd80d5f49cf69089	d__Fungi;p__Ascomycota;c__Dothideomycetes;o__Mytilinidales;f__Gloniaceae;g__Cenococcum;s__Cenococcum_geophilum
bc42a2dd9b5b8a794a2ed8001eb56fb5	d__Fungi;p__Ascomycota;c__Leotiomycetes;o__Helotiales;f__Helotiaceae;g__Tetracladium
ebb29f0cfe144b8247af90c10c5725f7	d__Fungi;p__Ascomycota;c__Sordariomycetes;o__Hypocreales;f__Hypocreales_fam_Incertae_sedis;g__Acremonium;s__Acremonium_sclerotigenum
5c654cae2cb8d045d40ddeb041111990	d__Fungi;p__Ascomycota;c__Sordariomycetes;o__Hypocreales;f__Hypocreaceae;g__Kiflimonium;s__Kiflimonium_curvulum
48d70a439c17688d65ecc55cc6b7002b	d__Fungi;p__Ascomycota;c__Sordariomycetes;o__Hypocreales;f__Bionectriaceae;g__Clonostachys;s__Clonostachys_rosea
3abe2b406baebc3e499963e26f02e289	d__Fungi;p__Ascomycota;c__Dothideomycetes;o__Pleosporales;f__Lentitheciaceae;g__Darksidea
efd539eb7443c348bc59dce93ead027f	d__Fungi;p__Ascomycota;c__Eurotiomycetes;o__Chaetothyriales;f__Herpotrichiellaceae;g__Exophiala
856a560c5e0f633904ecdfe04cc7476d	d__Fungi;p__Basidiomycota;c__Tremellomycetes;o__Filobasidiales;f__Filobasidiaceae;g__Naganishia;s__Naganishia_diffluens
7ccceaae32c19883a9f33f66f596aba0	d__Fungi;p__Ascomycota;c__Sordariomycetes;o__Hypocreales;f__Nectriaceae;g__Fusarium
248758a6afb5a3d68e52251368077d80	d__Fungi;p__Ascomycota;c__Dothideomycetes;o__Pleosporales;f__Pleosporaceae;g__Pyrenophora
9ded42a18d8ad52bd85b12244df58f72	d__Fungi;p__Ascomycota;c__Eurotiomycetes;o__Verrucariales;f__Verrucariaceae;g__Verrucaria;s__Verrucaria_tectorum
4f7e0f6491cff04bfe0e1cf52a2fefde	d__Fungi;p__Basidiomycota;c__Agaricomycetes;o__Agaricales;f__Cortinariaceae;g__Cortinarius;s__Cortinarius_helvolus
a5ea45d02ec9d529c5d36fc41c52b39d	d__Fungi;p__Ascomycota;c__Eurotiomycetes;o__Eurotiales;f__Aspergillaceae;g__Talaromyces
a2b245422d67f69788e0323fcf01f744	d__Fungi;p__Basidiomycota;c__Malasseziomycetes;o__Malasseziales;f__Malasseziaceae;g__Malassezia;s__Malassezia_globosa
0b1cff782bce3f8b7ffe5c4270f7501c	d__Fungi;p__Ascomycota;c__Sordariomycetes;o__Ophiostomatales;f__Ophiostomataceae;g__Sporothrix
596da31a5cc686a27197aab8d779250a	d__Fungi;p__Ascomycota;c__Saccharomycetes;o__Saccharomycetales;f__Debaryomycetaceae;g__Hyphopichia;s__Hyphopichia_heimii
4f7af624a2c1202ee17878e647bfc8f9	d__Fungi;p__Ascomycota;c__Sordariomycetes;o__Ophiostomatales;f__Ophiostomataceae;g__Ophiostoma;s__Ophiostoma_ips
071a731c04eac11d4ff6260eab044b0e	d__Fungi;p__Ascomycota;c__Archaeorhizomycetes;o__Archaeorhizomycetales;f__Archaeorhizomycetaceae;g__Archaeorhizomyces;s__Archaeorhizomyces_sp
a388fa79096200749b0fcd5a27423b13	d__Fungi;p__Ascomycota;c__Eurotiomycetes;o__Eurotiales;f__Aspergillaceae;g__Penicillium;s__Penicillium_digitatum
c5b7f07cba81f443d65c54d9f786336c	d__Fungi;p__Ascomycota;c__Sordariomycetes;o__Hypocreales;f__Nectriaceae;g__Xenoacremonium;s__Xenoacremonium_recifei
ffe1fc2eaec7f666ba27710a7f88231a	d__Fungi
0b4d19d6b8016b05d4c1a6def9e5deff	d__Fungi;p__Fungi_phy_Incertae_sedis;c__Fungi_cls_Incertae_sedis;o__Fungi_ord_Incertae_sedis;f__Fungi_fam_Incertae_sedis;g__Fungi_gen_Incertae_sedis;s__Fungi_sp
855b91c120b9a50650c8bf15677d60fa	d__Fungi;p__Ascomycota;c__Sordariomycetes;o__Hypocreales;f__Nectriaceae
f6a63aae955dfd01ea385687b86eda8a	d__Fungi;p__Basidiomycota;c__Agaricomycetes;o__Russulales;f__Peniophoraceae;g__Peniophora;s__Peniophora_trigonosperma
997cabda991ca083984f05c60b63350e	d__Fungi;p__Ascomycota;c__Dothideomycetes;o__Dothideales;f__Saccotheciaceae;g__Aureobasidium;s__Aureobasidium_pullulans
4a8de0570d6c930f094133b483198ae8	d__Fungi;p__Ascomycota;c__Sordariomycetes;o__Coniochaetales;f__Coniochaetaceae;g__Coniochaeta;s__Coniochaeta_sp
b23f42fc89b8b7dc5cc17807cb0c5005	d__Fungi;p__Basidiomycota;c__Agaricomycetes;o__Polyporales;f__Fomitopsidaceae;g__Amyloporia;s__Amyloporia_nivea
b9c8dd3e392e11f2ece24f8a04fcca96	d__Fungi;p__Ascomycota;c__Eurotiomycetes;o__Eurotiales;f__Aspergillaceae;g__Aspergillus;s__Aspergillus_penicillioides
75ebdd4d53f67699013ad16233e2d576	d__Fungi;p__Ascomycota;c__Dothideomycetes;o__Pleosporales;f__Didymellaceae
0670719c2907269d43bf88ad6d64d4c5	d__Fungi;p__Ascomycota;c__Dothideomycetes;o__Pleosporales;f__Sporormiaceae
fcc1fefcfb6983b586feb7ed91d613f8	d__Fungi;p__Ascomycota;c__Eurotiomycetes;o__Eurotiales;f__Aspergillaceae;g__Talaromyces
b1afb54e63dbb390cfaa8d84122c766f	d__Fungi;p__Rozellomycota;c__Rozellomycotina_cls_Incertae_sedis;o__GS11;f__GS11_fam_Incertae_sedis;g__GS11_gen_Incertae_sedis;s__GS11_sp
99d54b4e652d9e0ae7b801abc3602a54	d__Fungi;p__Basidiomycota;c__Agaricomycetes;o__Polyporales;f__Steccherinaceae;g__Junghuhnia;s__Junghuhnia_crustacea